{
  "file_name": "hand",
  "texture_size": [
    32,
    32
  ],
  "textures": {
    "119ba6e8-65e3-8a36-5a03-bee6edf1470b": "modelengine:entity/plague"
  },
  "elements": [
    {
      "name": "cube",
      "from": [
        6.8,
        7.839834,
        6.8947954
      ],
      "to": [
        9.2,
        10.239834,
        8.094795
      ],
      "rotation": {
        "angle": -22.5,
        "axis": "x",
        "origin": [
          7.475,
          10.389834,
          7.344795
        ]
      },
      "faces": {
        "down": {
          "uv": [
            10.5,
            4,
            8.5,
            5
          ],
          "rotation": 0,
          "texture": "#119ba6e8-65e3-8a36-5a03-bee6edf1470b",
          "tintindex": 0
        },
        "east": {
          "uv": [
            7.5,
            6,
            8.5,
            8
          ],
          "rotation": 0,
          "texture": "#119ba6e8-65e3-8a36-5a03-bee6edf1470b",
          "tintindex": 0
        },
        "north": {
          "uv": [
            4.5,
            4.5,
            6.5,
            6.5
          ],
          "rotation": 0,
          "texture": "#119ba6e8-65e3-8a36-5a03-bee6edf1470b",
          "tintindex": 0
        },
        "south": {
          "uv": [
            5.5,
            0,
            7.5,
            2
          ],
          "rotation": 0,
          "texture": "#119ba6e8-65e3-8a36-5a03-bee6edf1470b",
          "tintindex": 0
        },
        "up": {
          "uv": [
            9.5,
            4,
            7.5,
            3
          ],
          "rotation": 0,
          "texture": "#119ba6e8-65e3-8a36-5a03-bee6edf1470b",
          "tintindex": 0
        },
        "west": {
          "uv": [
            7.5,
            8,
            8.5,
            10
          ],
          "rotation": 0,
          "texture": "#119ba6e8-65e3-8a36-5a03-bee6edf1470b",
          "tintindex": 0
        }
      }
    },
    {
      "name": "cube",
      "from": [
        6.8,
        12.039834,
        6.8947954
      ],
      "to": [
        9.2,
        12.039834,
        9.294796
      ],
      "rotation": {
        "angle": -22.5,
        "axis": "x",
        "origin": [
          7.475,
          10.389834,
          7.344795
        ]
      },
      "faces": {
        "down": {
          "uv": [
            7.5,
            2,
            5.5,
            4
          ],
          "rotation": 0,
          "texture": "#119ba6e8-65e3-8a36-5a03-bee6edf1470b",
          "tintindex": 0
        },
        "east": {
          "uv": [
            0,
            0,
            2,
            0
          ],
          "rotation": 0,
          "texture": "#119ba6e8-65e3-8a36-5a03-bee6edf1470b",
          "tintindex": 0
        },
        "north": {
          "uv": [
            0,
            0,
            2,
            0
          ],
          "rotation": 0,
          "texture": "#119ba6e8-65e3-8a36-5a03-bee6edf1470b",
          "tintindex": 0
        },
        "south": {
          "uv": [
            0,
            0,
            2,
            0
          ],
          "rotation": 0,
          "texture": "#119ba6e8-65e3-8a36-5a03-bee6edf1470b",
          "tintindex": 0
        },
        "up": {
          "uv": [
            7.5,
            4,
            5.5,
            2
          ],
          "rotation": 0,
          "texture": "#119ba6e8-65e3-8a36-5a03-bee6edf1470b",
          "tintindex": 0
        },
        "west": {
          "uv": [
            0,
            0,
            2,
            0
          ],
          "rotation": 0,
          "texture": "#119ba6e8-65e3-8a36-5a03-bee6edf1470b",
          "tintindex": 0
        }
      }
    },
    {
      "name": "cube",
      "from": [
        6.8,
        10.239834,
        6.8947954
      ],
      "to": [
        9.2,
        12.039834,
        6.8947954
      ],
      "rotation": {
        "angle": -22.5,
        "axis": "x",
        "origin": [
          7.475,
          10.389834,
          7.344795
        ]
      },
      "faces": {
        "down": {
          "uv": [
            2,
            0,
            0,
            0
          ],
          "rotation": 0,
          "texture": "#119ba6e8-65e3-8a36-5a03-bee6edf1470b",
          "tintindex": 0
        },
        "east": {
          "uv": [
            0,
            0,
            0,
            1.5
          ],
          "rotation": 0,
          "texture": "#119ba6e8-65e3-8a36-5a03-bee6edf1470b",
          "tintindex": 0
        },
        "north": {
          "uv": [
            7.5,
            0,
            9.5,
            1.5
          ],
          "rotation": 0,
          "texture": "#119ba6e8-65e3-8a36-5a03-bee6edf1470b",
          "tintindex": 0
        },
        "south": {
          "uv": [
            7.5,
            0,
            9.5,
            1.5
          ],
          "rotation": 0,
          "texture": "#119ba6e8-65e3-8a36-5a03-bee6edf1470b",
          "tintindex": 0
        },
        "up": {
          "uv": [
            2,
            0,
            0,
            0
          ],
          "rotation": 0,
          "texture": "#119ba6e8-65e3-8a36-5a03-bee6edf1470b",
          "tintindex": 0
        },
        "west": {
          "uv": [
            0,
            0,
            0,
            1.5
          ],
          "rotation": 0,
          "texture": "#119ba6e8-65e3-8a36-5a03-bee6edf1470b",
          "tintindex": 0
        }
      }
    },
    {
      "name": "cube",
      "from": [
        5,
        7.839834,
        6.8947954
      ],
      "to": [
        6.8,
        10.839834,
        6.8947954
      ],
      "rotation": {
        "angle": -22.5,
        "axis": "x",
        "origin": [
          7.475,
          10.389834,
          7.344795
        ]
      },
      "faces": {
        "down": {
          "uv": [
            1.5,
            0,
            0,
            0
          ],
          "rotation": 0,
          "texture": "#119ba6e8-65e3-8a36-5a03-bee6edf1470b",
          "tintindex": 0
        },
        "east": {
          "uv": [
            0,
            0,
            0,
            2.5
          ],
          "rotation": 0,
          "texture": "#119ba6e8-65e3-8a36-5a03-bee6edf1470b",
          "tintindex": 0
        },
        "north": {
          "uv": [
            4.5,
            6.5,
            6,
            9
          ],
          "rotation": 0,
          "texture": "#119ba6e8-65e3-8a36-5a03-bee6edf1470b",
          "tintindex": 0
        },
        "south": {
          "uv": [
            6,
            6.5,
            4.5,
            9
          ],
          "rotation": 0,
          "texture": "#119ba6e8-65e3-8a36-5a03-bee6edf1470b",
          "tintindex": 0
        },
        "up": {
          "uv": [
            1.5,
            0,
            0,
            0
          ],
          "rotation": 0,
          "texture": "#119ba6e8-65e3-8a36-5a03-bee6edf1470b",
          "tintindex": 0
        },
        "west": {
          "uv": [
            0,
            0,
            0,
            2.5
          ],
          "rotation": 0,
          "texture": "#119ba6e8-65e3-8a36-5a03-bee6edf1470b",
          "tintindex": 0
        }
      }
    }
  ],
  "display": {
    "head": {
      "translation": [
        0,
        -6.4,
        0
      ],
      "rotation": [
        0,
        0,
        0
      ],
      "scale": [
        3.8095,
        3.8095,
        3.8095
      ]
    },
    "gui": {
      "translation": [
        0,
        0,
        0
      ],
      "rotation": [
        35,
        225,
        0
      ],
      "scale": [
        0.625,
        0.625,
        0.625
      ]
    }
  }
}
