{"file_name":"backlegs","texture_size":[64,64],"textures":{"5cd714d3-294c-4f84-dd6b-34ecaa5da05c":"modelengine:entity/scorpid"},"elements":[{"name":"cube","from":[2.3345265,5.590005,8.140104],"to":[3.2345269,9.190004,9.040104],"rotation":{"angle":-22.5,"axis":"z","origin":[2.669831,7.666905,8.603189]},"faces":{"down":{"uv":[2,12,1.5,12.5],"rotation":0,"texture":"#5cd714d3-294c-4f84-dd6b-34ecaa5da05c","tintindex":0},"east":{"uv":[11.25,0,11.75,1.5],"rotation":0,"texture":"#5cd714d3-294c-4f84-dd6b-34ecaa5da05c","tintindex":0},"north":{"uv":[11.25,11.25,11.75,12.75],"rotation":0,"texture":"#5cd714d3-294c-4f84-dd6b-34ecaa5da05c","tintindex":0},"south":{"uv":[11.25,6.25,11.75,7.75],"rotation":0,"texture":"#5cd714d3-294c-4f84-dd6b-34ecaa5da05c","tintindex":0},"up":{"uv":[1.5,12.5,1,12],"rotation":0,"texture":"#5cd714d3-294c-4f84-dd6b-34ecaa5da05c","tintindex":0},"west":{"uv":[11.25,7.75,11.75,9.25],"rotation":0,"texture":"#5cd714d3-294c-4f84-dd6b-34ecaa5da05c","tintindex":0}}},{"name":"cube","from":[3.0928018,8.502111,8.140104],"to":[6.692802,9.402111,9.040104],"rotation":{"angle":-22.5,"axis":"z","origin":[4.778106,9.229012,8.603189]},"faces":{"down":{"uv":[2.5,11.5,1,12],"rotation":0,"texture":"#5cd714d3-294c-4f84-dd6b-34ecaa5da05c","tintindex":0},"east":{"uv":[2,12,2.5,12.5],"rotation":0,"texture":"#5cd714d3-294c-4f84-dd6b-34ecaa5da05c","tintindex":0},"north":{"uv":[11,3,12.5,3.5],"rotation":0,"texture":"#5cd714d3-294c-4f84-dd6b-34ecaa5da05c","tintindex":0},"south":{"uv":[11,3.5,12.5,4],"rotation":0,"texture":"#5cd714d3-294c-4f84-dd6b-34ecaa5da05c","tintindex":0},"up":{"uv":[12.75,2,11.25,1.5],"rotation":0,"texture":"#5cd714d3-294c-4f84-dd6b-34ecaa5da05c","tintindex":0},"west":{"uv":[6.25,12,6.75,12.5],"rotation":0,"texture":"#5cd714d3-294c-4f84-dd6b-34ecaa5da05c","tintindex":0}}},{"name":"cube","from":[9.848469,8.502111,8.050415],"to":[13.448468,9.402111,8.950415],"rotation":{"angle":22.5,"axis":"z","origin":[11.7631645,9.229012,8.513501]},"faces":{"down":{"uv":[13,5,11.5,5.5],"rotation":0,"texture":"#5cd714d3-294c-4f84-dd6b-34ecaa5da05c","tintindex":0},"east":{"uv":[7.5,12,8,12.5],"rotation":0,"texture":"#5cd714d3-294c-4f84-dd6b-34ecaa5da05c","tintindex":0},"north":{"uv":[7.5,11.5,9,12],"rotation":0,"texture":"#5cd714d3-294c-4f84-dd6b-34ecaa5da05c","tintindex":0},"south":{"uv":[11.5,4,13,4.5],"rotation":0,"texture":"#5cd714d3-294c-4f84-dd6b-34ecaa5da05c","tintindex":0},"up":{"uv":[13,5,11.5,4.5],"rotation":0,"texture":"#5cd714d3-294c-4f84-dd6b-34ecaa5da05c","tintindex":0},"west":{"uv":[8,12,8.5,12.5],"rotation":0,"texture":"#5cd714d3-294c-4f84-dd6b-34ecaa5da05c","tintindex":0}}},{"name":"cube","from":[13.306744,5.590005,8.050415],"to":[14.206743,9.190004,8.950415],"rotation":{"angle":22.5,"axis":"z","origin":[13.87144,7.666905,8.513501]},"faces":{"down":{"uv":[12.5,9.25,12,9.75],"rotation":0,"texture":"#5cd714d3-294c-4f84-dd6b-34ecaa5da05c","tintindex":0},"east":{"uv":[5,11.5,5.5,13],"rotation":0,"texture":"#5cd714d3-294c-4f84-dd6b-34ecaa5da05c","tintindex":0},"north":{"uv":[4.5,11.5,5,13],"rotation":0,"texture":"#5cd714d3-294c-4f84-dd6b-34ecaa5da05c","tintindex":0},"south":{"uv":[11.5,9.25,12,10.75],"rotation":0,"texture":"#5cd714d3-294c-4f84-dd6b-34ecaa5da05c","tintindex":0},"up":{"uv":[9,12.5,8.5,12],"rotation":0,"texture":"#5cd714d3-294c-4f84-dd6b-34ecaa5da05c","tintindex":0},"west":{"uv":[0,11.75,0.5,13.25],"rotation":0,"texture":"#5cd714d3-294c-4f84-dd6b-34ecaa5da05c","tintindex":0}}}],"display":{"head":{"translation":[0,-6.4,0],"rotation":[0,0,0],"scale":[3.8095,3.8095,3.8095]},"gui":{"translation":[0,0,0],"rotation":[35,225,0],"scale":[0.625,0.625,0.625]}}}
