{"file_name":"rightclaw","texture_size":[64,64],"textures":{"5cd714d3-294c-4f84-dd6b-34ecaa5da05c":"modelengine:entity/scorpid"},"elements":[{"name":"cube","from":[7.25,7.1,5.825],"to":[9.05,8.9,8.825],"rotation":{"angle":0,"axis":"x","origin":[8.15,11.009115,7.325]},"faces":{"down":{"uv":[10.5,9.75,9.75,11],"rotation":0,"texture":"#5cd714d3-294c-4f84-dd6b-34ecaa5da05c","tintindex":0},"east":{"uv":[4,9.5,5.25,10.25],"rotation":0,"texture":"#5cd714d3-294c-4f84-dd6b-34ecaa5da05c","tintindex":0},"north":{"uv":[3.25,11.75,4,12.5],"rotation":0,"texture":"#5cd714d3-294c-4f84-dd6b-34ecaa5da05c","tintindex":0},"south":{"uv":[9,11.75,9.75,12.5],"rotation":0,"texture":"#5cd714d3-294c-4f84-dd6b-34ecaa5da05c","tintindex":0},"up":{"uv":[7.25,10.5,6.5,9.25],"rotation":0,"texture":"#5cd714d3-294c-4f84-dd6b-34ecaa5da05c","tintindex":0},"west":{"uv":[8.5,9.5,9.75,10.25],"rotation":0,"texture":"#5cd714d3-294c-4f84-dd6b-34ecaa5da05c","tintindex":0}}},{"name":"cube","from":[6.35,6.8,2.225],"to":[9.950001,9.2,5.825],"rotation":{"angle":0,"axis":"x","origin":[8.15,11.009115,4.0249996]},"faces":{"down":{"uv":[7,2.5,5.5,4],"rotation":0,"texture":"#5cd714d3-294c-4f84-dd6b-34ecaa5da05c","tintindex":0},"east":{"uv":[7.25,1,8.75,2],"rotation":0,"texture":"#5cd714d3-294c-4f84-dd6b-34ecaa5da05c","tintindex":0},"north":{"uv":[0,7.25,1.5,8.25],"rotation":0,"texture":"#5cd714d3-294c-4f84-dd6b-34ecaa5da05c","tintindex":0},"south":{"uv":[7.5,7.5,9,8.5],"rotation":0,"texture":"#5cd714d3-294c-4f84-dd6b-34ecaa5da05c","tintindex":0},"up":{"uv":[7,7,5.5,5.5],"rotation":0,"texture":"#5cd714d3-294c-4f84-dd6b-34ecaa5da05c","tintindex":0},"west":{"uv":[3,6.75,4.5,7.75],"rotation":0,"texture":"#5cd714d3-294c-4f84-dd6b-34ecaa5da05c","tintindex":0}}},{"name":"cube","from":[7.55,6.2,-1.3750005],"to":[9.950001,6.8,2.225],"rotation":{"angle":0,"axis":"x","origin":[8.722757,12.207298,0.5011339]},"faces":{"down":{"uv":[14.25,6,15.25,7.5],"rotation":0,"texture":"#5cd714d3-294c-4f84-dd6b-34ecaa5da05c","tintindex":0},"east":{"uv":[14.75,6.75,13.25,7.75],"rotation":0,"texture":"#5cd714d3-294c-4f84-dd6b-34ecaa5da05c","tintindex":0},"north":{"uv":[13.5,6.5,12.5,7.5],"rotation":0,"texture":"#5cd714d3-294c-4f84-dd6b-34ecaa5da05c","tintindex":0},"south":{"uv":[13.5,7.25,12.5,8.25],"rotation":0,"texture":"#5cd714d3-294c-4f84-dd6b-34ecaa5da05c","tintindex":0},"up":{"uv":[7,4,8,2.5],"rotation":0,"texture":"#5cd714d3-294c-4f84-dd6b-34ecaa5da05c","tintindex":0},"west":{"uv":[14.25,7.25,12.75,8.25],"rotation":0,"texture":"#5cd714d3-294c-4f84-dd6b-34ecaa5da05c","tintindex":0}}},{"name":"cube","from":[9.35,6.8,-1.3750005],"to":[9.950001,9.2,2.225],"rotation":{"angle":0,"axis":"x","origin":[5.204692,10.981848,-0.19953871]},"faces":{"down":{"uv":[13.5,6,14.5,7.5],"rotation":0,"texture":"#5cd714d3-294c-4f84-dd6b-34ecaa5da05c","tintindex":0},"east":{"uv":[14.5,6.75,13,7.75],"rotation":0,"texture":"#5cd714d3-294c-4f84-dd6b-34ecaa5da05c","tintindex":0},"north":{"uv":[15,6.5,14,7.5],"rotation":0,"texture":"#5cd714d3-294c-4f84-dd6b-34ecaa5da05c","tintindex":0},"south":{"uv":[9.5,12.75,8.5,13.75],"rotation":0,"texture":"#5cd714d3-294c-4f84-dd6b-34ecaa5da05c","tintindex":0},"up":{"uv":[14.5,6.5,15.5,5],"rotation":0,"texture":"#5cd714d3-294c-4f84-dd6b-34ecaa5da05c","tintindex":0},"west":{"uv":[3.75,3,2.25,4],"rotation":0,"texture":"#5cd714d3-294c-4f84-dd6b-34ecaa5da05c","tintindex":0}}},{"name":"cube","from":[7.55,6.8,-1.3750005],"to":[9.950001,9.2,2.225],"rotation":{"angle":0,"axis":"x","origin":[8.75,11.009115,0.4249997]},"faces":{"down":{"uv":[6.5,8,5.5,9.5],"rotation":0,"texture":"#5cd714d3-294c-4f84-dd6b-34ecaa5da05c","tintindex":0},"east":{"uv":[3,7.75,4.5,8.75],"rotation":0,"texture":"#5cd714d3-294c-4f84-dd6b-34ecaa5da05c","tintindex":0},"north":{"uv":[9,6.75,10,7.75],"rotation":0,"texture":"#5cd714d3-294c-4f84-dd6b-34ecaa5da05c","tintindex":0},"south":{"uv":[0,9.25,1,10.25],"rotation":0,"texture":"#5cd714d3-294c-4f84-dd6b-34ecaa5da05c","tintindex":0},"up":{"uv":[5.5,9.5,4.5,8],"rotation":0,"texture":"#5cd714d3-294c-4f84-dd6b-34ecaa5da05c","tintindex":0},"west":{"uv":[1.5,8,3,9],"rotation":0,"texture":"#5cd714d3-294c-4f84-dd6b-34ecaa5da05c","tintindex":0}}},{"name":"cube","from":[6.35,7.4,-0.17500043],"to":[7.55,8.6,2.225],"rotation":{"angle":0,"axis":"x","origin":[6.95,11.009115,1.0249996]},"faces":{"down":{"uv":[12.25,6.25,11.75,7.25],"rotation":0,"texture":"#5cd714d3-294c-4f84-dd6b-34ecaa5da05c","tintindex":0},"east":{"uv":[11.75,0,12.75,0.5],"rotation":0,"texture":"#5cd714d3-294c-4f84-dd6b-34ecaa5da05c","tintindex":0},"north":{"uv":[11.75,12.25,12.25,12.75],"rotation":0,"texture":"#5cd714d3-294c-4f84-dd6b-34ecaa5da05c","tintindex":0},"south":{"uv":[12.25,12.25,12.75,12.75],"rotation":0,"texture":"#5cd714d3-294c-4f84-dd6b-34ecaa5da05c","tintindex":0},"up":{"uv":[3,11,2.5,10],"rotation":0,"texture":"#5cd714d3-294c-4f84-dd6b-34ecaa5da05c","tintindex":0},"west":{"uv":[11.75,0.5,12.75,1],"rotation":0,"texture":"#5cd714d3-294c-4f84-dd6b-34ecaa5da05c","tintindex":0}}}],"display":{"head":{"translation":[0,-6.4,0],"rotation":[0,0,0],"scale":[3.8095,3.8095,3.8095]},"gui":{"translation":[0,0,0],"rotation":[35,225,0],"scale":[0.625,0.625,0.625]}}}
