{
  "file_name": "leftleg",
  "texture_size": [
    128,
    128
  ],
  "textures": {
    "4c25ab98-e6f1-272f-3fee-40d42862d01e": "modelengine:entity/golem"
  },
  "elements": [
    {
      "name": "cube",
      "from": [
        6.575,
        5.225,
        5.5249996
      ],
      "to": [
        9.275,
        9.725,
        8.225
      ],
      "rotation": {
        "angle": 22.5,
        "axis": "x",
        "origin": [
          7.475,
          6.125,
          5.5249996
        ]
      },
      "faces": {
        "down": {
          "uv": [
            3.5,
            8.5,
            2.875,
            9.125
          ],
          "rotation": 0,
          "texture": "#4c25ab98-e6f1-272f-3fee-40d42862d01e",
          "tintindex": 0
        },
        "east": {
          "uv": [
            7.75,
            0,
            8.375,
            1
          ],
          "rotation": 0,
          "texture": "#4c25ab98-e6f1-272f-3fee-40d42862d01e",
          "tintindex": 0
        },
        "north": {
          "uv": [
            7.625,
            7.5,
            8.25,
            8.5
          ],
          "rotation": 0,
          "texture": "#4c25ab98-e6f1-272f-3fee-40d42862d01e",
          "tintindex": 0
        },
        "south": {
          "uv": [
            1,
            7.875,
            1.625,
            8.875
          ],
          "rotation": 0,
          "texture": "#4c25ab98-e6f1-272f-3fee-40d42862d01e",
          "tintindex": 0
        },
        "up": {
          "uv": [
            9.125,
            3,
            8.5,
            2.375
          ],
          "rotation": 0,
          "texture": "#4c25ab98-e6f1-272f-3fee-40d42862d01e",
          "tintindex": 0
        },
        "west": {
          "uv": [
            7.875,
            1,
            8.5,
            2
          ],
          "rotation": 0,
          "texture": "#4c25ab98-e6f1-272f-3fee-40d42862d01e",
          "tintindex": 0
        }
      }
    }
  ],
  "display": {
    "head": {
      "translation": [
        0,
        -6.4,
        0
      ],
      "rotation": [
        0,
        0,
        0
      ],
      "scale": [
        3.8095,
        3.8095,
        3.8095
      ]
    },
    "gui": {
      "translation": [
        0,
        0,
        0
      ],
      "rotation": [
        35,
        225,
        0
      ],
      "scale": [
        0.625,
        0.625,
        0.625
      ]
    }
  }
}
