{
  "file_name": "leftleg2",
  "texture_size": [
    128,
    128
  ],
  "textures": {
    "4c25ab98-e6f1-272f-3fee-40d42862d01e": "modelengine:entity/golem"
  },
  "elements": [
    {
      "name": "cube",
      "from": [
        7.1,
        6.2524996,
        8.375
      ],
      "to": [
        8.9,
        7.2425,
        10.175
      ],
      "rotation": {
        "angle": 0,
        "axis": "x",
        "origin": [
          8,
          2.6524997,
          8.375
        ]
      },
      "faces": {
        "down": {
          "uv": [
            8.5,
            8.5,
            8.125,
            8.875
          ],
          "rotation": 0,
          "texture": "#4c25ab98-e6f1-272f-3fee-40d42862d01e",
          "tintindex": 0
        },
        "east": {
          "uv": [
            8.5,
            7.25,
            8.875,
            7.5
          ],
          "rotation": 0,
          "texture": "#4c25ab98-e6f1-272f-3fee-40d42862d01e",
          "tintindex": 0
        },
        "north": {
          "uv": [
            1.625,
            7.875,
            2,
            8.125
          ],
          "rotation": 0,
          "texture": "#4c25ab98-e6f1-272f-3fee-40d42862d01e",
          "tintindex": 0
        },
        "south": {
          "uv": [
            8.625,
            4.75,
            9,
            5
          ],
          "rotation": 0,
          "texture": "#4c25ab98-e6f1-272f-3fee-40d42862d01e",
          "tintindex": 0
        },
        "up": {
          "uv": [
            8.125,
            8.875,
            7.75,
            8.5
          ],
          "rotation": 0,
          "texture": "#4c25ab98-e6f1-272f-3fee-40d42862d01e",
          "tintindex": 0
        },
        "west": {
          "uv": [
            6.25,
            8.75,
            6.625,
            9
          ],
          "rotation": 0,
          "texture": "#4c25ab98-e6f1-272f-3fee-40d42862d01e",
          "tintindex": 0
        }
      }
    },
    {
      "name": "cube",
      "from": [
        7.1,
        2.6524997,
        8.375
      ],
      "to": [
        8.9,
        6.2524996,
        9.875
      ],
      "rotation": {
        "angle": 0,
        "axis": "x",
        "origin": [
          8,
          2.6524997,
          8.375
        ]
      },
      "faces": {
        "down": {
          "uv": [
            7.75,
            8.5,
            7.375,
            8.875
          ],
          "rotation": 0,
          "texture": "#4c25ab98-e6f1-272f-3fee-40d42862d01e",
          "tintindex": 0
        },
        "east": {
          "uv": [
            3,
            5.75,
            3.375,
            6.5
          ],
          "rotation": 0,
          "texture": "#4c25ab98-e6f1-272f-3fee-40d42862d01e",
          "tintindex": 0
        },
        "north": {
          "uv": [
            3,
            5,
            3.375,
            5.75
          ],
          "rotation": 0,
          "texture": "#4c25ab98-e6f1-272f-3fee-40d42862d01e",
          "tintindex": 0
        },
        "south": {
          "uv": [
            3,
            6.5,
            3.375,
            7.25
          ],
          "rotation": 0,
          "texture": "#4c25ab98-e6f1-272f-3fee-40d42862d01e",
          "tintindex": 0
        },
        "up": {
          "uv": [
            8.875,
            7.25,
            8.5,
            6.875
          ],
          "rotation": 0,
          "texture": "#4c25ab98-e6f1-272f-3fee-40d42862d01e",
          "tintindex": 0
        },
        "west": {
          "uv": [
            0.625,
            8.125,
            1,
            8.875
          ],
          "rotation": 0,
          "texture": "#4c25ab98-e6f1-272f-3fee-40d42862d01e",
          "tintindex": 0
        }
      }
    }
  ],
  "display": {
    "head": {
      "translation": [
        0,
        -6.4,
        0
      ],
      "rotation": [
        0,
        0,
        0
      ],
      "scale": [
        3.8095,
        3.8095,
        3.8095
      ]
    },
    "gui": {
      "translation": [
        0,
        0,
        0
      ],
      "rotation": [
        35,
        225,
        0
      ],
      "scale": [
        0.625,
        0.625,
        0.625
      ]
    }
  }
}
