{
  "file_name": "rightarm",
  "texture_size": [
    128,
    128
  ],
  "textures": {
    "4c25ab98-e6f1-272f-3fee-40d42862d01e": "modelengine:entity/golem"
  },
  "elements": [
    {
      "name": "cube",
      "from": [
        7.7188997,
        3.8344991,
        7.547
      ],
      "to": [
        11.2289,
        8.7485,
        10.355
      ],
      "rotation": {
        "angle": -22.5,
        "axis": "x",
        "origin": [
          8.4209,
          5.2384996,
          9.653
        ]
      },
      "faces": {
        "down": {
          "uv": [
            9,
            7.5,
            8.25,
            8.125
          ],
          "rotation": 0,
          "texture": "#4c25ab98-e6f1-272f-3fee-40d42862d01e",
          "tintindex": 0
        },
        "east": {
          "uv": [
            7.875,
            5.5,
            8.5,
            6.5
          ],
          "rotation": 0,
          "texture": "#4c25ab98-e6f1-272f-3fee-40d42862d01e",
          "tintindex": 0
        },
        "north": {
          "uv": [
            6,
            3,
            6.75,
            4
          ],
          "rotation": 0,
          "texture": "#4c25ab98-e6f1-272f-3fee-40d42862d01e",
          "tintindex": 0
        },
        "south": {
          "uv": [
            6.875,
            7.5,
            7.625,
            8.5
          ],
          "rotation": 0,
          "texture": "#4c25ab98-e6f1-272f-3fee-40d42862d01e",
          "tintindex": 0
        },
        "up": {
          "uv": [
            6.625,
            8.75,
            5.875,
            8.125
          ],
          "rotation": 0,
          "texture": "#4c25ab98-e6f1-272f-3fee-40d42862d01e",
          "tintindex": 0
        },
        "west": {
          "uv": [
            7.875,
            6.5,
            8.5,
            7.5
          ],
          "rotation": 0,
          "texture": "#4c25ab98-e6f1-272f-3fee-40d42862d01e",
          "tintindex": 0
        }
      }
    }
  ],
  "display": {
    "head": {
      "translation": [
        0,
        -6.4,
        0
      ],
      "rotation": [
        0,
        0,
        0
      ],
      "scale": [
        3.8095,
        3.8095,
        3.8095
      ]
    },
    "gui": {
      "translation": [
        0,
        0,
        0
      ],
      "rotation": [
        35,
        225,
        0
      ],
      "scale": [
        0.625,
        0.625,
        0.625
      ]
    }
  }
}
