{
  "file_name": "rightarm2",
  "texture_size": [
    128,
    128
  ],
  "textures": {
    "4c25ab98-e6f1-272f-3fee-40d42862d01e": "modelengine:entity/golem"
  },
  "elements": [
    {
      "name": "cube",
      "from": [
        6.845,
        6.845,
        1.6820005
      ],
      "to": [
        10.355001,
        10.355,
        14.318
      ],
      "rotation": {
        "angle": -22.5,
        "axis": "x",
        "origin": [
          6.845,
          9.653,
          13.616
        ]
      },
      "faces": {
        "down": {
          "uv": [
            6.875,
            5.5,
            6.125,
            8.125
          ],
          "rotation": 0,
          "texture": "#4c25ab98-e6f1-272f-3fee-40d42862d01e",
          "tintindex": 0
        },
        "east": {
          "uv": [
            5.375,
            4,
            8,
            4.75
          ],
          "rotation": 0,
          "texture": "#4c25ab98-e6f1-272f-3fee-40d42862d01e",
          "tintindex": 0
        },
        "north": {
          "uv": [
            4.375,
            8.125,
            5.125,
            8.875
          ],
          "rotation": 0,
          "texture": "#4c25ab98-e6f1-272f-3fee-40d42862d01e",
          "tintindex": 0
        },
        "south": {
          "uv": [
            5.125,
            8.125,
            5.875,
            8.875
          ],
          "rotation": 0,
          "texture": "#4c25ab98-e6f1-272f-3fee-40d42862d01e",
          "tintindex": 0
        },
        "up": {
          "uv": [
            6.125,
            8.125,
            5.375,
            5.5
          ],
          "rotation": 0,
          "texture": "#4c25ab98-e6f1-272f-3fee-40d42862d01e",
          "tintindex": 0
        },
        "west": {
          "uv": [
            5.375,
            4.75,
            8,
            5.5
          ],
          "rotation": 0,
          "texture": "#4c25ab98-e6f1-272f-3fee-40d42862d01e",
          "tintindex": 0
        }
      }
    }
  ],
  "display": {
    "head": {
      "translation": [
        0,
        -6.4,
        0
      ],
      "rotation": [
        0,
        0,
        0
      ],
      "scale": [
        3.8095,
        3.8095,
        3.8095
      ]
    },
    "gui": {
      "translation": [
        0,
        0,
        0
      ],
      "rotation": [
        35,
        225,
        0
      ],
      "scale": [
        0.625,
        0.625,
        0.625
      ]
    }
  }
}
