{
  "file_name": "rightfoot",
  "texture_size": [
    128,
    128
  ],
  "textures": {
    "31fd78cd-98ff-ff42-4111-382f88543f8d": "modelengine:entity/pharaoh"
  },
  "elements": [
    {
      "name": "cube",
      "from": [
        6.6868725,
        6.342615,
        15.591299
      ],
      "to": [
        9.086873,
        12.342616,
        18.5913
      ],
      "rotation": {
        "angle": -45,
        "axis": "x",
        "origin": [
          5.149173,
          0.92290473,
          16.94383
        ]
      },
      "faces": {
        "down": {
          "uv": [
            11.5,
            11.125,
            11,
            11.75
          ],
          "rotation": 0,
          "texture": "#31fd78cd-98ff-ff42-4111-382f88543f8d",
          "tintindex": 0
        },
        "east": {
          "uv": [
            4.375,
            9,
            5,
            10.25
          ],
          "rotation": 0,
          "texture": "#31fd78cd-98ff-ff42-4111-382f88543f8d",
          "tintindex": 0
        },
        "north": {
          "uv": [
            5.625,
            9.625,
            6.125,
            10.875
          ],
          "rotation": 0,
          "texture": "#31fd78cd-98ff-ff42-4111-382f88543f8d",
          "tintindex": 0
        },
        "south": {
          "uv": [
            9.625,
            7.25,
            10.125,
            8.5
          ],
          "rotation": 0,
          "texture": "#31fd78cd-98ff-ff42-4111-382f88543f8d",
          "tintindex": 0
        },
        "up": {
          "uv": [
            10.25,
            11.75,
            9.75,
            11.125
          ],
          "rotation": 0,
          "texture": "#31fd78cd-98ff-ff42-4111-382f88543f8d",
          "tintindex": 0
        },
        "west": {
          "uv": [
            6.25,
            9,
            6.875,
            10.25
          ],
          "rotation": 0,
          "texture": "#31fd78cd-98ff-ff42-4111-382f88543f8d",
          "tintindex": 0
        }
      }
    },
    {
      "name": "cube",
      "from": [
        6.6868725,
        -2.9989238,
        13.496653
      ],
      "to": [
        9.086873,
        0.60107684,
        15.296653
      ],
      "rotation": {
        "angle": 22.5,
        "axis": "x",
        "origin": [
          5.149173,
          -3.9197364,
          20.689415
        ]
      },
      "faces": {
        "down": {
          "uv": [
            12.125,
            5.5,
            11.625,
            5.875
          ],
          "rotation": 0,
          "texture": "#31fd78cd-98ff-ff42-4111-382f88543f8d",
          "tintindex": 0
        },
        "east": {
          "uv": [
            1.5,
            11.5,
            1.875,
            12.25
          ],
          "rotation": 0,
          "texture": "#31fd78cd-98ff-ff42-4111-382f88543f8d",
          "tintindex": 0
        },
        "north": {
          "uv": [
            11,
            9.25,
            11.5,
            10
          ],
          "rotation": 0,
          "texture": "#31fd78cd-98ff-ff42-4111-382f88543f8d",
          "tintindex": 0
        },
        "south": {
          "uv": [
            11,
            10,
            11.5,
            10.75
          ],
          "rotation": 0,
          "texture": "#31fd78cd-98ff-ff42-4111-382f88543f8d",
          "tintindex": 0
        },
        "up": {
          "uv": [
            12.125,
            5.5,
            11.625,
            5.125
          ],
          "rotation": 0,
          "texture": "#31fd78cd-98ff-ff42-4111-382f88543f8d",
          "tintindex": 0
        },
        "west": {
          "uv": [
            11.5,
            4.375,
            11.875,
            5.125
          ],
          "rotation": 0,
          "texture": "#31fd78cd-98ff-ff42-4111-382f88543f8d",
          "tintindex": 0
        }
      }
    },
    {
      "name": "cube",
      "from": [
        6.6868725,
        1.5426148,
        15.591299
      ],
      "to": [
        9.086873,
        6.342615,
        17.3913
      ],
      "rotation": {
        "angle": -45,
        "axis": "x",
        "origin": [
          5.149173,
          0.92290473,
          16.94383
        ]
      },
      "faces": {
        "down": {
          "uv": [
            12.125,
            3.25,
            11.625,
            3.625
          ],
          "rotation": 0,
          "texture": "#31fd78cd-98ff-ff42-4111-382f88543f8d",
          "tintindex": 0
        },
        "east": {
          "uv": [
            3.375,
            11,
            3.75,
            12
          ],
          "rotation": 0,
          "texture": "#31fd78cd-98ff-ff42-4111-382f88543f8d",
          "tintindex": 0
        },
        "north": {
          "uv": [
            7.625,
            10.25,
            8.125,
            11.25
          ],
          "rotation": 0,
          "texture": "#31fd78cd-98ff-ff42-4111-382f88543f8d",
          "tintindex": 0
        },
        "south": {
          "uv": [
            8.125,
            10.25,
            8.625,
            11.25
          ],
          "rotation": 0,
          "texture": "#31fd78cd-98ff-ff42-4111-382f88543f8d",
          "tintindex": 0
        },
        "up": {
          "uv": [
            10,
            2.125,
            9.5,
            1.75
          ],
          "rotation": 0,
          "texture": "#31fd78cd-98ff-ff42-4111-382f88543f8d",
          "tintindex": 0
        },
        "west": {
          "uv": [
            11,
            7.125,
            11.375,
            8.125
          ],
          "rotation": 0,
          "texture": "#31fd78cd-98ff-ff42-4111-382f88543f8d",
          "tintindex": 0
        }
      }
    },
    {
      "name": "cube",
      "from": [
        6.6868725,
        -0.41311288,
        14.700564
      ],
      "to": [
        9.086873,
        0.78688717,
        17.100563
      ],
      "rotation": {
        "angle": -22.5,
        "axis": "x",
        "origin": [
          5.149173,
          -3.326013,
          18.068596
        ]
      },
      "faces": {
        "down": {
          "uv": [
            9,
            11.5,
            8.5,
            12
          ],
          "rotation": 0,
          "texture": "#31fd78cd-98ff-ff42-4111-382f88543f8d",
          "tintindex": 0
        },
        "east": {
          "uv": [
            11.875,
            1.125,
            12.375,
            1.375
          ],
          "rotation": 0,
          "texture": "#31fd78cd-98ff-ff42-4111-382f88543f8d",
          "tintindex": 0
        },
        "north": {
          "uv": [
            11.5,
            11.75,
            12,
            12
          ],
          "rotation": 0,
          "texture": "#31fd78cd-98ff-ff42-4111-382f88543f8d",
          "tintindex": 0
        },
        "south": {
          "uv": [
            11.875,
            1.375,
            12.375,
            1.625
          ],
          "rotation": 0,
          "texture": "#31fd78cd-98ff-ff42-4111-382f88543f8d",
          "tintindex": 0
        },
        "up": {
          "uv": [
            10.625,
            8.5,
            10.125,
            8
          ],
          "rotation": 0,
          "texture": "#31fd78cd-98ff-ff42-4111-382f88543f8d",
          "tintindex": 0
        },
        "west": {
          "uv": [
            11.875,
            1.625,
            12.375,
            1.875
          ],
          "rotation": 0,
          "texture": "#31fd78cd-98ff-ff42-4111-382f88543f8d",
          "tintindex": 0
        }
      }
    }
  ],
  "display": {
    "head": {
      "translation": [
        0,
        -6.4,
        0
      ],
      "rotation": [
        0,
        0,
        0
      ],
      "scale": [
        3.8095,
        3.8095,
        3.8095
      ]
    },
    "gui": {
      "translation": [
        0,
        0,
        0
      ],
      "rotation": [
        35,
        225,
        0
      ],