{"file_name":"lleg","texture_size":[32,32],"textures":{"81d33685-3e47-ebb0-1212-b7bbe723e1de":"modelengine:entity/rat"},"elements":[{"name":"cube","from":[7.85,5.075,7.175],"to":[8.15,5.975,7.775],"rotation":{"angle":0,"axis":"x","origin":[7.85,5.075,7.475]},"faces":{"down":{"uv":[13.5,6.5,13,7.5],"rotation":0,"texture":"#81d33685-3e47-ebb0-1212-b7bbe723e1de","tintindex":0},"east":{"uv":[7,12,8,13.5],"rotation":0,"texture":"#81d33685-3e47-ebb0-1212-b7bbe723e1de","tintindex":0},"north":{"uv":[6.5,13,7,14.5],"rotation":0,"texture":"#81d33685-3e47-ebb0-1212-b7bbe723e1de","tintindex":0},"south":{"uv":[12,13,12.5,14.5],"rotation":0,"texture":"#81d33685-3e47-ebb0-1212-b7bbe723e1de","tintindex":0},"up":{"uv":[13.5,6.5,13,5.5],"rotation":0,"texture":"#81d33685-3e47-ebb0-1212-b7bbe723e1de","tintindex":0},"west":{"uv":[12,5.5,13,7],"rotation":0,"texture":"#81d33685-3e47-ebb0-1212-b7bbe723e1de","tintindex":0}}},{"name":"cube","from":[7.85,4.7749996,6.875],"to":[8.15,5.075,7.475],"rotation":{"angle":0,"axis":"x","origin":[7.85,4.1749997,7.175]},"faces":{"down":{"uv":[13.5,8.5,13,9.5],"rotation":0,"texture":"#81d33685-3e47-ebb0-1212-b7bbe723e1de","tintindex":0},"east":{"uv":[6,5,7,5.5],"rotation":0,"texture":"#81d33685-3e47-ebb0-1212-b7bbe723e1de","tintindex":0},"north":{"uv":[8.5,4.5,9,5],"rotation":0,"texture":"#81d33685-3e47-ebb0-1212-b7bbe723e1de","tintindex":0},"south":{"uv":[9,4.5,9.5,5],"rotation":0,"texture":"#81d33685-3e47-ebb0-1212-b7bbe723e1de","tintindex":0},"up":{"uv":[13.5,8.5,13,7.5],"rotation":0,"texture":"#81d33685-3e47-ebb0-1212-b7bbe723e1de","tintindex":0},"west":{"uv":[7,5,8,5.5],"rotation":0,"texture":"#81d33685-3e47-ebb0-1212-b7bbe723e1de","tintindex":0}}}],"display":{"head":{"translation":[0,-6.4,0],"rotation":[0,0,0],"scale":[3.8095,3.8095,3.8095]},"gui":{"translation":[0,0,0],"rotation":[35,225,0],"scale":[0.625,0.625,0.625]}}}
