{
  "file_name": "1",
  "texture_size": [
    64,
    64
  ],
  "textures": {
    "749939a8-bb93-96c7-07ae-208dad9f0e8b": "modelengine:entity/mimic"
  },
  "elements": [
    {
      "name": "cube",
      "from": [
        6.2,
        6.727208,
        7.327208
      ],
      "to": [
        9.8,
        10.327208,
        8.527207
      ],
      "rotation": {
        "angle": -45,
        "axis": "x",
        "origin": [
          6.2,
          6.727208,
          6.727208
        ]
      },
      "faces": {
        "down": {
          "uv": [
            13.5,
            11.5,
            12,
            12
          ],
          "rotation": 0,
          "texture": "#749939a8-bb93-96c7-07ae-208dad9f0e8b",
          "tintindex": 0
        },
        "east": {
          "uv": [
            7,
            13.25,
            7.5,
            14.75
          ],
          "rotation": 0,
          "texture": "#749939a8-bb93-96c7-07ae-208dad9f0e8b",
          "tintindex": 0
        },
        "north": {
          "uv": [
            12,
            6,
            13.5,
            7.5
          ],
          "rotation": 0,
          "texture": "#749939a8-bb93-96c7-07ae-208dad9f0e8b",
          "tintindex": 0
        },
        "south": {
          "uv": [
            12,
            7.5,
            13.5,
            9
          ],
          "rotation": 0,
          "texture": "#749939a8-bb93-96c7-07ae-208dad9f0e8b",
          "tintindex": 0
        },
        "up": {
          "uv": [
            13.5,
            12,
            12,
            11.5
          ],
          "rotation": 0,
          "texture": "#749939a8-bb93-96c7-07ae-208dad9f0e8b",
          "tintindex": 0
        },
        "west": {
          "uv": [
            7.5,
            13.25,
            8,
            14.75
          ],
          "rotation": 0,
          "texture": "#749939a8-bb93-96c7-07ae-208dad9f0e8b",
          "tintindex": 0
        }
      }
    }
  ],
  "display": {
    "head": {
      "translation": [
        0,
        -6.4,
        0
      ],
      "rotation": [
        0,
        0,
        0
      ],
      "scale": [
        3.8095,
        3.8095,
        3.8095
      ]
    },
    "gui": {
      "translation": [
        0,
        0,
        0
      ],
      "rotation": [
        35,
        225,
        0
      ],
      "scale": [
        0.625,
        0.625,
        0.625
      ]
    }
  }
}
