{"file_name":"bone","texture_size":[64,64],"textures":{"749939a8-bb93-96c7-07ae-208dad9f0e8b":"modelengine:entity/mimic"},"elements":[{"name":"cube","from":[3.1999998,3.5999997,3.1999998],"to":[12.8,11.4,12.8],"rotation":{"angle":0,"axis":"x","origin":[8,7.5,8]},"faces":{"down":{"uv":[3.75,4.25,0.25,7.75],"rotation":0,"texture":"#749939a8-bb93-96c7-07ae-208dad9f0e8b","tintindex":0},"east":{"uv":[8.25,4,11.75,6.5],"rotation":0,"texture":"#749939a8-bb93-96c7-07ae-208dad9f0e8b","tintindex":0},"north":{"uv":[8.25,4,11.75,6.5],"rotation":0,"texture":"#749939a8-bb93-96c7-07ae-208dad9f0e8b","tintindex":0},"south":{"uv":[8.25,4,11.75,6.5],"rotation":0,"texture":"#749939a8-bb93-96c7-07ae-208dad9f0e8b","tintindex":0},"up":{"uv":[7.75,7.75,4.25,4.25],"rotation":0,"texture":"#749939a8-bb93-96c7-07ae-208dad9f0e8b","tintindex":0},"west":{"uv":[8.25,4,11.75,6.5],"rotation":0,"texture":"#749939a8-bb93-96c7-07ae-208dad9f0e8b","tintindex":0}}},{"name":"teeth","from":[12.5,11.4,3.4999998],"to":[12.5,14.4,12.5],"rotation":{"angle":0,"axis":"x","origin":[8,-0.9000006,8]},"faces":{"down":{"uv":[4.25,8,8,11.75],"rotation":0,"texture":"#749939a8-bb93-96c7-07ae-208dad9f0e8b","tintindex":0},"east":{"uv":[0,12,4,13.25],"rotation":0,"texture":"#749939a8-bb93-96c7-07ae-208dad9f0e8b","tintindex":0},"north":{"uv":[8,6.5,12,7.75],"rotation":0,"texture":"#749939a8-bb93-96c7-07ae-208dad9f0e8b","tintindex":0},"south":{"uv":[4.25,8,8,9.25],"rotation":0,"texture":"#749939a8-bb93-96c7-07ae-208dad9f0e8b","tintindex":0},"up":{"uv":[8,12,4,8],"rotation":0,"texture":"#749939a8-bb93-96c7-07ae-208dad9f0e8b","tintindex":0},"west":{"uv":[12,12,16,13.25],"rotation":0,"texture":"#749939a8-bb93-96c7-07ae-208dad9f0e8b","tintindex":0}}},{"name":"teeth","from":[3.4999998,11.4,3.4999998],"to":[12.5,14.4,3.4999998],"rotation":{"angle":0,"axis":"x","origin":[8,-0.9000006,8]},"faces":{"down":{"uv":[4.25,8,8,11.75],"rotation":0,"texture":"#749939a8-bb93-96c7-07ae-208dad9f0e8b","tintindex":0},"east":{"uv":[0,12,4,13.25],"rotation":0,"texture":"#749939a8-bb93-96c7-07ae-208dad9f0e8b","tintindex":0},"north":{"uv":[8,6.5,12,7.75],"rotation":0,"texture":"#749939a8-bb93-96c7-07ae-208dad9f0e8b","tintindex":0},"south":{"uv":[8.25,6.5,12,7.75],"rotation":0,"texture":"#749939a8-bb93-96c7-07ae-208dad9f0e8b","tintindex":0},"up":{"uv":[8,12,4,8],"rotation":0,"texture":"#749939a8-bb93-96c7-07ae-208dad9f0e8b","tintindex":0},"west":{"uv":[12,12,16,13.25],"rotation":0,"texture":"#749939a8-bb93-96c7-07ae-208dad9f0e8b","tintindex":0}}},{"name":"teeth","from":[3.4999998,11.4,3.4999998],"to":[3.4999998,14.4,12.5],"rotation":{"angle":0,"axis":"x","origin":[8,-0.9000006,8]},"faces":{"down":{"uv":[4.25,8,8,11.75],"rotation":0,"texture":"#749939a8-bb93-96c7-07ae-208dad9f0e8b","tintindex":0},"east":{"uv":[0,12,4,13.25],"rotation":0,"texture":"#749939a8-bb93-96c7-07ae-208dad9f0e8b","tintindex":0},"north":{"uv":[8,6.5,12,7.75],"rotation":0,"texture":"#749939a8-bb93-96c7-07ae-208dad9f0e8b","tintindex":0},"south":{"uv":[4.25,8,8,9.25],"rotation":0,"texture":"#749939a8-bb93-96c7-07ae-208dad9f0e8b","tintindex":0},"up":{"uv":[8,12,4,8],"rotation":0,"texture":"#749939a8-bb93-96c7-07ae-208dad9f0e8b","tintindex":0},"west":{"uv":[12,12,16,13.25],"rotation":0,"texture":"#749939a8-bb93-96c7-07ae-208dad9f0e8b","tintindex":0}}}],"display":{"head":{"translation":[0,-6.4,0],"rotation":[0,0,0],"scale":[3.8095,3.8095,3.8095]},"gui":{"translation":[0,0,0],"rotation":[35,225,0],"scale":[0.625,0.625,0.625]}}}
