{"file_name":"rightfoot","texture_size":[64,64],"textures":{"c7200158-03a3-00e9-ceb6-16a4e209ae4e":"modelengine:entity/flamingo"},"elements":[{"name":"cube","from":[7.7,1.9999998,7.4],"to":[8.3,8,8],"rotation":{"angle":0,"axis":"x","origin":[8.3,-2.2000003,7.4]},"faces":{"down":{"uv":[6.5,7.5,6.75,7.75],"rotation":0,"texture":"#c7200158-03a3-00e9-ceb6-16a4e209ae4e","tintindex":0},"east":{"uv":[2.5,5.25,2.25,7.75],"rotation":0,"texture":"#c7200158-03a3-00e9-ceb6-16a4e209ae4e","tintindex":0},"north":{"uv":[1.75,5.25,1.5,7.75],"rotation":0,"texture":"#c7200158-03a3-00e9-ceb6-16a4e209ae4e","tintindex":0},"south":{"uv":[2.25,5.25,2,7.75],"rotation":0,"texture":"#c7200158-03a3-00e9-ceb6-16a4e209ae4e","tintindex":0},"up":{"uv":[6,7.75,6.25,7.5],"rotation":0,"texture":"#c7200158-03a3-00e9-ceb6-16a4e209ae4e","tintindex":0},"west":{"uv":[2,5.25,1.75,7.75],"rotation":0,"texture":"#c7200158-03a3-00e9-ceb6-16a4e209ae4e","tintindex":0}}},{"name":"cube","from":[7.4,1.9999998,6.2],"to":[8.6,1.9999998,8],"rotation":{"angle":0,"axis":"x","origin":[8,1.3999997,7.4]},"faces":{"down":{"uv":[1,7,1.5,7.75],"rotation":0,"texture":"#c7200158-03a3-00e9-ceb6-16a4e209ae4e","tintindex":0},"east":{"uv":[0.75,0,0,0],"rotation":0,"texture":"#c7200158-03a3-00e9-ceb6-16a4e209ae4e","tintindex":0},"north":{"uv":[0.5,0,0,0],"rotation":0,"texture":"#c7200158-03a3-00e9-ceb6-16a4e209ae4e","tintindex":0},"south":{"uv":[0.5,0,0,0],"rotation":0,"texture":"#c7200158-03a3-00e9-ceb6-16a4e209ae4e","tintindex":0},"up":{"uv":[0.5,7.75,1,7],"rotation":0,"texture":"#c7200158-03a3-00e9-ceb6-16a4e209ae4e","tintindex":0},"west":{"uv":[0.75,0,0,0],"rotation":0,"texture":"#c7200158-03a3-00e9-ceb6-16a4e209ae4e","tintindex":0}}}],"display":{"head":{"translation":[0,-6.4,0],"rotation":[0,0,0],"scale":[3.8095,3.8095,3.8095]},"gui":{"translation":[0,0,0],"rotation":[35,225,0],"scale":[0.625,0.625,0.625]}}}
