{
  "file_name": "thebodydetails",
  "texture_size": [
    64,
    64
  ],
  "textures": {
    "5b207868-5645-b898-8b42-e1687b302a02": "modelengine:entity/crocodile"
  },
  "elements": [
    {
      "name": "right_detail",
      "from": [
        9.8,
        11,
        3.1999998
      ],
      "to": [
        10.4,
        12.2,
        11.6
      ],
      "rotation": {
        "angle": 0,
        "axis": "x",
        "origin": [
          9.8,
          11,
          8
        ]
      },
      "faces": {
        "down": {
          "uv": [
            11.5,
            1,
            11.25,
            4.5
          ],
          "rotation": 0,
          "texture": "#5b207868-5645-b898-8b42-e1687b302a02",
          "tintindex": 0
        },
        "east": {
          "uv": [
            7.5,
            4.5,
            11,
            5
          ],
          "rotation": 0,
          "texture": "#5b207868-5645-b898-8b42-e1687b302a02",
          "tintindex": 0
        },
        "north": {
          "uv": [
            11,
            4.5,
            11.25,
            5
          ],
          "rotation": 0,
          "texture": "#5b207868-5645-b898-8b42-e1687b302a02",
          "tintindex": 0
        },
        "south": {
          "uv": [
            14.75,
            4.5,
            15,
            5
          ],
          "rotation": 0,
          "texture": "#5b207868-5645-b898-8b42-e1687b302a02",
          "tintindex": 0
        },
        "up": {
          "uv": [
            11.25,
            4.5,
            11,
            1
          ],
          "rotation": 0,
          "texture": "#5b207868-5645-b898-8b42-e1687b302a02",
          "tintindex": 0
        },
        "west": {
          "uv": [
            11.25,
            4.5,
            14.75,
            5
          ],
          "rotation": 0,
          "texture": "#5b207868-5645-b898-8b42-e1687b302a02",
          "tintindex": 0
        }
      }
    },
    {
      "name": "right_detail",
      "from": [
        9.2,
        11,
        3.1999998
      ],
      "to": [
        9.8,
        12.2,
        11.6
      ],
      "rotation": {
        "angle": 0,
        "axis": "x",
        "origin": [
          9.2,
          11,
          8
        ]
      },
      "faces": {
        "down": {
          "uv": [
            4,
            4.5,
            3.75,
            8
          ],
          "rotation": 0,
          "texture": "#5b207868-5645-b898-8b42-e1687b302a02",
          "tintindex": 0
        },
        "east": {
          "uv": [
            0,
            8,
            3.5,
            8.5
          ],
          "rotation": 0,
          "texture": "#5b207868-5645-b898-8b42-e1687b302a02",
          "tintindex": 0
        },
        "north": {
          "uv": [
            3.5,
            8,
            3.75,
            8.5
          ],
          "rotation": 0,
          "texture": "#5b207868-5645-b898-8b42-e1687b302a02",
          "tintindex": 0
        },
        "south": {
          "uv": [
            7.25,
            8,
            7.5,
            8.5
          ],
          "rotation": 0,
          "texture": "#5b207868-5645-b898-8b42-e1687b302a02",
          "tintindex": 0
        },
        "up": {
          "uv": [
            3.75,
            8,
            3.5,
            4.5
          ],
          "rotation": 0,
          "texture": "#5b207868-5645-b898-8b42-e1687b302a02",
          "tintindex": 0
        },
        "west": {
          "uv": [
            3.75,
            8,
            7.25,
            8.5
          ],
          "rotation": 0,
          "texture": "#5b207868-5645-b898-8b42-e1687b302a02",
          "tintindex": 0
        }
      }
    },
    {
      "name": "middle_detail",
      "from": [
        8,
        11,
        3.1999998
      ],
      "to": [
        8.6,
        12.2,
        11.6
      ],
      "rotation": {
        "angle": 0,
        "axis": "x",
        "origin": [
          8,
          11,
          8
        ]
      },
      "faces": {
        "down": {
          "uv": [
            8,
            5,
            7.75,
            8.5
          ],
          "rotation": 0,
          "texture": "#5b207868-5645-b898-8b42-e1687b302a02",
          "tintindex": 0
        },
        "east": {
          "uv": [
            4,
            8.5,
            7.5,
            9
          ],
          "rotation": 0,
          "texture": "#5b207868-5645-b898-8b42-e1687b302a02",
          "tintindex": 0
        },
        "north": {
          "uv": [
            7.5,
            8.5,
            7.75,
            9
          ],
          "rotation": 0,
          "texture": "#5b207868-5645-b898-8b42-e1687b302a02",
          "tintindex": 0
        },
        "south": {
          "uv": [
            11.25,
            8.5,
            11.5,
            9
          ],
          "rotation": 0,
          "texture": "#5b207868-5645-b898-8b42-e1687b302a02",
          "tintindex": 0
        },
        "up": {
          "uv": [
            7.75,
            8.5,
            7.5,
            5
          ],
          "rotation": 0,
          "texture": "#5b207868-5645-b898-8b42-e1687b302a02",
          "tintindex": 0
        },
        "west": {
          "uv": [
            7.75,
            8.5,
            11.25,
            9
          ],
          "rotation": 0,
          "texture": "#5b207868-5645-b898-8b42-e1687b302a02",
          "tintindex": 0
        }
      }
    },
    {
      "name": "middle_detail",
      "from": [
        7.4,
        11,
        2.6
      ],
      "to": [
        8,
        12.2,
        11
      ],
      "rotation": {
        "angle": 0,
        "axis": "x",
        "origin": [
          7.4,
          11,
          7.4
        ]
      },
      "faces": {
        "down": {
          "uv": [
            4,
            4.5,
            3.75,
            8
          ],
          "rotation": 0,
          "texture": "#5b207868-5645-b898-8b42-e1687b302a02",
          "tintindex": 0
        },
        "east": {
          "uv": [
            0,
            8,
            3.5,
            8.5
          ],
          "rotation": 0,
          "texture": "#5b207868-5645-b898-8b42-e1687b302a02",
          "tintindex": 0
        },
        "north": {
          "uv": [
            3.5,
            8,
            3.75,
            8.5
          ],
          "rotation": 0,
          "texture": "#5b207868-5645-b898-8b42-e1687b302a02",
          "tintindex": 0
        },
        "south": {
          "uv": [
            7.25,
            8,
            7.5,
            8.5
          ],
          "rotation": 0,
          "texture": "#5b207868-5645-b898-8b42-e1687b302a02",
          "tintindex": 0
        },
        "up": {
          "uv": [
            3.75,
            8,
            3.5,
            4.5
          ],
          "rotation": 0,
          "texture": "#5b207868-5645-b898-8b42-e1687b302a02",
          "tintindex": 0
        },
        "west": {
          "uv": [
            3.75,
            8,
            7.25,
            8.5
          ],
          "rotation": 0,
          "texture": "#5b207868-5645-b898-8b42-e1687b302a02",
          "tintindex": 0
        }
      }
    },
    {
      "name": "left_detail",
      "from": [
        6.2,
        11,
        3.7999997
      ],
      "to": [
        6.8,
        12.2,
        12.2
      ],
      "rotation": {
        "angle": 0,
        "axis": "x",
        "origin": [
          6.2,
          11,
          8.6
        ]
      },
      "faces": {
        "down": {
          "uv": [
            8,
            5,
            7.75,
            8.5
          ],
          "rotation": 0,
          "texture": "#5b207868-5645-b898-8b42-e1687b302a02",
          "tintindex": 0
        },
        "east": {
          "uv": [
            4,
            8.5,
            7.5,
            9
          ],
          "rotation": 0,
          "texture": "#5b207868-5645-b898-8b42-e1687b302a02",