{"file_name":"theheaddetails","texture_size":[64,64],"textures":{"5b207868-5645-b898-8b42-e1687b302a02":"modelengine:entity/crocodile"},"elements":[{"name":"head_detail_right","from":[9.2,11,-0.25000024],"to":[9.8,11.6,0.9499998],"rotation":{"angle":-22.5,"axis":"z","origin":[9.2,11,-0.25000024]},"faces":{"down":{"uv":[3,4.5,2.75,5],"rotation":0,"texture":"#5b207868-5645-b898-8b42-e1687b302a02","tintindex":0},"east":{"uv":[2,5,2.5,5.25],"rotation":0,"texture":"#5b207868-5645-b898-8b42-e1687b302a02","tintindex":0},"north":{"uv":[2.5,5,2.75,5.25],"rotation":0,"texture":"#5b207868-5645-b898-8b42-e1687b302a02","tintindex":0},"south":{"uv":[3.25,5,3.5,5.25],"rotation":0,"texture":"#5b207868-5645-b898-8b42-e1687b302a02","tintindex":0},"up":{"uv":[2.75,5,2.5,4.5],"rotation":0,"texture":"#5b207868-5645-b898-8b42-e1687b302a02","tintindex":0},"west":{"uv":[2.75,5,3.25,5.25],"rotation":0,"texture":"#5b207868-5645-b898-8b42-e1687b302a02","tintindex":0}}},{"name":"head_detail_right","from":[9.8,11,-0.25000024],"to":[10.4,11.6,0.9499998],"rotation":{"angle":-22.5,"axis":"z","origin":[9.2,11,-0.25000024]},"faces":{"down":{"uv":[3,4.5,2.75,5],"rotation":0,"texture":"#5b207868-5645-b898-8b42-e1687b302a02","tintindex":0},"east":{"uv":[2,5.25,2.5,5.5],"rotation":0,"texture":"#5b207868-5645-b898-8b42-e1687b302a02","tintindex":0},"north":{"uv":[2.5,5,2.75,5.25],"rotation":0,"texture":"#5b207868-5645-b898-8b42-e1687b302a02","tintindex":0},"south":{"uv":[3.25,5,3.5,5.25],"rotation":0,"texture":"#5b207868-5645-b898-8b42-e1687b302a02","tintindex":0},"up":{"uv":[2.75,5,2.5,4.5],"rotation":0,"texture":"#5b207868-5645-b898-8b42-e1687b302a02","tintindex":0},"west":{"uv":[0.75,5,1.25,5.25],"rotation":0,"texture":"#5b207868-5645-b898-8b42-e1687b302a02","tintindex":0}}},{"name":"head_detail_left","from":[6.2,10.88,-0.25000024],"to":[6.8,11.4800005,0.9499998],"rotation":{"angle":22.5,"axis":"z","origin":[6.2,11,-0.25000024]},"faces":{"down":{"uv":[1,4.5,0.75,5],"rotation":0,"texture":"#5b207868-5645-b898-8b42-e1687b302a02","tintindex":0},"east":{"uv":[0,5,0.5,5.25],"rotation":0,"texture":"#5b207868-5645-b898-8b42-e1687b302a02","tintindex":0},"north":{"uv":[0.5,5,0.75,5.25],"rotation":0,"texture":"#5b207868-5645-b898-8b42-e1687b302a02","tintindex":0},"south":{"uv":[1.25,5,1.5,5.25],"rotation":0,"texture":"#5b207868-5645-b898-8b42-e1687b302a02","tintindex":0},"up":{"uv":[0.75,5,0.5,4.5],"rotation":0,"texture":"#5b207868-5645-b898-8b42-e1687b302a02","tintindex":0},"west":{"uv":[0.75,5,1.25,5.25],"rotation":0,"texture":"#5b207868-5645-b898-8b42-e1687b302a02","tintindex":0}}},{"name":"head_detail_left","from":[5.6,10.88,-0.25000024],"to":[6.2,11.4800005,0.9499998],"rotation":{"angle":22.5,"axis":"z","origin":[6.2,11,-0.25000024]},"faces":{"down":{"uv":[1,4.5,0.75,5],"rotation":0,"texture":"#5b207868-5645-b898-8b42-e1687b302a02","tintindex":0},"east":{"uv":[2,5,2.5,5.25],"rotation":0,"texture":"#5b207868-5645-b898-8b42-e1687b302a02","tintindex":0},"north":{"uv":[0.5,5,0.75,5.25],"rotation":0,"texture":"#5b207868-5645-b898-8b42-e1687b302a02","tintindex":0},"south":{"uv":[1.25,5,1.5,5.25],"rotation":0,"texture":"#5b207868-5645-b898-8b42-e1687b302a02","tintindex":0},"up":{"uv":[0.75,5,0.5,4.5],"rotation":0,"texture":"#5b207868-5645-b898-8b42-e1687b302a02","tintindex":0},"west":{"uv":[0.75,5.25,1.25,5.5],"rotation":0,"texture":"#5b207868-5645-b898-8b42-e1687b302a02","tintindex":0}}}],"display":{"head":{"translation":[0,-6.4,0],"rotation":[0,0,0],"scale":[3.8095,3.8095,3.8095]},"gui":{"translation":[0,0,0],"rotation":[35,225,0],"scale":[0.625,0.625,0.625]}}}
