{
  "file_name": "thehead",
  "texture_size": [
    64,
    64
  ],
  "textures": {
    "5b207868-5645-b898-8b42-e1687b302a02": "modelengine:entity/crocodile"
  },
  "elements": [
    {
      "name": "head",
      "from": [
        6.2,
        8.6,
        0.19999981
      ],
      "to": [
        9.8,
        11,
        3.7999997
      ],
      "rotation": {
        "angle": 0,
        "axis": "x",
        "origin": [
          8,
          9.8,
          3.1999998
        ]
      },
      "faces": {
        "down": {
          "uv": [
            4.5,
            9,
            3,
            10.5
          ],
          "rotation": 0,
          "texture": "#5b207868-5645-b898-8b42-e1687b302a02",
          "tintindex": 0
        },
        "east": {
          "uv": [
            0,
            10.5,
            1.5,
            11.5
          ],
          "rotation": 0,
          "texture": "#5b207868-5645-b898-8b42-e1687b302a02",
          "tintindex": 0
        },
        "north": {
          "uv": [
            1.5,
            10.5,
            3,
            11.5
          ],
          "rotation": 0,
          "texture": "#5b207868-5645-b898-8b42-e1687b302a02",
          "tintindex": 0
        },
        "south": {
          "uv": [
            4.5,
            10.5,
            6,
            11.5
          ],
          "rotation": 0,
          "texture": "#5b207868-5645-b898-8b42-e1687b302a02",
          "tintindex": 0
        },
        "up": {
          "uv": [
            3,
            10.5,
            1.5,
            9
          ],
          "rotation": 0,
          "texture": "#5b207868-5645-b898-8b42-e1687b302a02",
          "tintindex": 0
        },
        "west": {
          "uv": [
            3,
            10.5,
            4.5,
            11.5
          ],
          "rotation": 0,
          "texture": "#5b207868-5645-b898-8b42-e1687b302a02",
          "tintindex": 0
        }
      }
    }
  ],
  "display": {
    "head": {
      "translation": [
        0,
        -6.4,
        0
      ],
      "rotation": [
        0,
        0,
        0
      ],
      "scale": [
        3.8095,
        3.8095,
        3.8095
      ]
    },
    "gui": {
      "translation": [
        0,
        0,
        0
      ],
      "rotation": [
        35,
        225,
        0
      ],
      "scale": [
        0.625,
        0.625,
        0.625
      ]
    }
  }
}
