{"file_name":"thelowermouth","texture_size":[64,64],"textures":{"5b207868-5645-b898-8b42-e1687b302a02":"modelengine:entity/crocodile"},"elements":[{"name":"lower_mouth","from":[6.8,8.6,-3.4000006],"to":[9.2,9.2,-1.1500006],"rotation":{"angle":0,"axis":"x","origin":[8,9.2,-0.40000033]},"faces":{"down":{"uv":[2.75,2.25,1.75,3],"rotation":0,"texture":"#5b207868-5645-b898-8b42-e1687b302a02","tintindex":0},"east":{"uv":[0,3,0.75,3.25],"rotation":0,"texture":"#5b207868-5645-b898-8b42-e1687b302a02","tintindex":0},"north":{"uv":[0.75,3,1.75,3.25],"rotation":0,"texture":"#5b207868-5645-b898-8b42-e1687b302a02","tintindex":0},"south":{"uv":[2.5,3,3.5,3.25],"rotation":0,"texture":"#5b207868-5645-b898-8b42-e1687b302a02","tintindex":0},"up":{"uv":[1.75,3,0.75,2.25],"rotation":0,"texture":"#5b207868-5645-b898-8b42-e1687b302a02","tintindex":0},"west":{"uv":[1.75,3,2.5,3.25],"rotation":0,"texture":"#5b207868-5645-b898-8b42-e1687b302a02","tintindex":0}}}],"display":{"head":{"translation":[0,-6.4,0],"rotation":[0,0,0],"scale":[3.8095,3.8095,3.8095]},"gui":{"translation":[0,0,0],"rotation":[35,225,0],"scale":[0.625,0.625,0.625]}}}
