{
  "file_name": "thetail2",
  "texture_size": [
    64,
    64
  ],
  "textures": {
    "5b207868-5645-b898-8b42-e1687b302a02": "modelengine:entity/crocodile"
  },
  "elements": [
    {
      "name": "tail",
      "from": [
        8,
        8.9,
        23.600002
      ],
      "to": [
        10.4,
        10.1,
        27.2
      ],
      "rotation": {
        "angle": 0,
        "axis": "x",
        "origin": [
          7.1,
          8.6,
          23.600002
        ]
      },
      "faces": {
        "down": {
          "uv": [
            14,
            10.5,
            13,
            12
          ],
          "rotation": 0,
          "texture": "#5b207868-5645-b898-8b42-e1687b302a02",
          "tintindex": 0
        },
        "east": {
          "uv": [
            10.5,
            12,
            12,
            12.5
          ],
          "rotation": 0,
          "texture": "#5b207868-5645-b898-8b42-e1687b302a02",
          "tintindex": 0
        },
        "north": {
          "uv": [
            12,
            12,
            13,
            12.5
          ],
          "rotation": 0,
          "texture": "#5b207868-5645-b898-8b42-e1687b302a02",
          "tintindex": 0
        },
        "south": {
          "uv": [
            14.5,
            12,
            15.5,
            12.5
          ],
          "rotation": 0,
          "texture": "#5b207868-5645-b898-8b42-e1687b302a02",
          "tintindex": 0
        },
        "up": {
          "uv": [
            13,
            12,
            12,
            10.5
          ],
          "rotation": 0,
          "texture": "#5b207868-5645-b898-8b42-e1687b302a02",
          "tintindex": 0
        },
        "west": {
          "uv": [
            13,
            12,
            14.5,
            12.5
          ],
          "rotation": 0,
          "texture": "#5b207868-5645-b898-8b42-e1687b302a02",
          "tintindex": 0
        }
      }
    },
    {
      "name": "tail",
      "from": [
        8.3,
        8.9,
        27.2
      ],
      "to": [
        10.1,
        10.1,
        30.8
      ],
      "rotation": {
        "angle": 0,
        "axis": "x",
        "origin": [
          7.1,
          8.6,
          27.2
        ]
      },
      "faces": {
        "down": {
          "uv": [
            13.5,
            7.5,
            12.75,
            9
          ],
          "rotation": 0,
          "texture": "#5b207868-5645-b898-8b42-e1687b302a02",
          "tintindex": 0
        },
        "east": {
          "uv": [
            10.5,
            9,
            12,
            9.5
          ],
          "rotation": 0,
          "texture": "#5b207868-5645-b898-8b42-e1687b302a02",
          "tintindex": 0
        },
        "north": {
          "uv": [
            12,
            9,
            12.75,
            9.5
          ],
          "rotation": 0,
          "texture": "#5b207868-5645-b898-8b42-e1687b302a02",
          "tintindex": 0
        },
        "south": {
          "uv": [
            14.25,
            9,
            15,
            9.5
          ],
          "rotation": 0,
          "texture": "#5b207868-5645-b898-8b42-e1687b302a02",
          "tintindex": 0
        },
        "up": {
          "uv": [
            12.75,
            9,
            12,
            7.5
          ],
          "rotation": 0,
          "texture": "#5b207868-5645-b898-8b42-e1687b302a02",
          "tintindex": 0
        },
        "west": {
          "uv": [
            12.75,
            9,
            14.25,
            9.5
          ],
          "rotation": 0,
          "texture": "#5b207868-5645-b898-8b42-e1687b302a02",
          "tintindex": 0
        }
      }
    }
  ],
  "display": {
    "head": {
      "translation": [
        0,
        -6.4,
        0
      ],
      "rotation": [
        0,
        0,
        0
      ],
      "scale": [
        3.8095,
        3.8095,
        3.8095
      ]
    },
    "gui": {
      "translation": [
        0,
        0,
        0
      ],
      "rotation": [
        35,
        225,
        0
      ],
      "scale": [
        0.625,
        0.625,
        0.625
      ]
    }
  }
}
