{
  "file_name": "thetaildetails2",
  "texture_size": [
    64,
    64
  ],
  "textures": {
    "5b207868-5645-b898-8b42-e1687b302a02": "modelengine:entity/crocodile"
  },
  "elements": [
    {
      "name": "right_detail",
      "from": [
        8.6,
        10.715,
        19.400002
      ],
      "to": [
        9.2,
        11.915,
        22.400002
      ],
      "rotation": {
        "angle": 0,
        "axis": "x",
        "origin": [
          8.6,
          10.715,
          18.8
        ]
      },
      "faces": {
        "down": {
          "uv": [
            13.25,
            1.75,
            13,
            3
          ],
          "rotation": 0,
          "texture": "#5b207868-5645-b898-8b42-e1687b302a02",
          "tintindex": 0
        },
        "east": {
          "uv": [
            11.5,
            3,
            12.75,
            3.5
          ],
          "rotation": 0,
          "texture": "#5b207868-5645-b898-8b42-e1687b302a02",
          "tintindex": 0
        },
        "north": {
          "uv": [
            12.75,
            3,
            13,
            3.5
          ],
          "rotation": 0,
          "texture": "#5b207868-5645-b898-8b42-e1687b302a02",
          "tintindex": 0
        },
        "south": {
          "uv": [
            14.25,
            3,
            14.5,
            3.5
          ],
          "rotation": 0,
          "texture": "#5b207868-5645-b898-8b42-e1687b302a02",
          "tintindex": 0
        },
        "up": {
          "uv": [
            13,
            3,
            12.75,
            1.75
          ],
          "rotation": 0,
          "texture": "#5b207868-5645-b898-8b42-e1687b302a02",
          "tintindex": 0
        },
        "west": {
          "uv": [
            13,
            3,
            14.25,
            3.5
          ],
          "rotation": 0,
          "texture": "#5b207868-5645-b898-8b42-e1687b302a02",
          "tintindex": 0
        }
      }
    },
    {
      "name": "right_detail",
      "from": [
        8,
        10.715,
        19.400002
      ],
      "to": [
        8.6,
        11.915,
        22.400002
      ],
      "rotation": {
        "angle": 0,
        "axis": "x",
        "origin": [
          8,
          10.715,
          18.8
        ]
      },
      "faces": {
        "down": {
          "uv": [
            13.25,
            0,
            13,
            1.25
          ],
          "rotation": 0,
          "texture": "#5b207868-5645-b898-8b42-e1687b302a02",
          "tintindex": 0
        },
        "east": {
          "uv": [
            11.5,
            1.25,
            12.75,
            1.75
          ],
          "rotation": 0,
          "texture": "#5b207868-5645-b898-8b42-e1687b302a02",
          "tintindex": 0
        },
        "north": {
          "uv": [
            12.75,
            1.25,
            13,
            1.75
          ],
          "rotation": 0,
          "texture": "#5b207868-5645-b898-8b42-e1687b302a02",
          "tintindex": 0
        },
        "south": {
          "uv": [
            14.25,
            1.25,
            14.5,
            1.75
          ],
          "rotation": 0,
          "texture": "#5b207868-5645-b898-8b42-e1687b302a02",
          "tintindex": 0
        },
        "up": {
          "uv": [
            13,
            1.25,
            12.75,
            0
          ],
          "rotation": 0,
          "texture": "#5b207868-5645-b898-8b42-e1687b302a02",
          "tintindex": 0
        },
        "west": {
          "uv": [
            13,
            1.25,
            14.25,
            1.75
          ],
          "rotation": 0,
          "texture": "#5b207868-5645-b898-8b42-e1687b302a02",
          "tintindex": 0
        }
      }
    },
    {
      "name": "middle_detail",
      "from": [
        8,
        10.715,
        18.8
      ],
      "to": [
        8.6,
        12.515,
        22.400002
      ],
      "rotation": {
        "angle": 0,
        "axis": "x",
        "origin": [
          8,
          10.715,
          18.8
        ]
      },
      "faces": {
        "down": {
          "uv": [
            2,
            4.5,
            1.75,
            6
          ],
          "rotation": 0,
          "texture": "#5b207868-5645-b898-8b42-e1687b302a02",
          "tintindex": 0
        },
        "east": {
          "uv": [
            0,
            6,
            1.5,
            6.75
          ],
          "rotation": 0,
          "texture": "#5b207868-5645-b898-8b42-e1687b302a02",
          "tintindex": 0
        },
        "north": {
          "uv": [
            1.5,
            6,
            1.75,
            6.75
          ],
          "rotation": 0,
          "texture": "#5b207868-5645-b898-8b42-e1687b302a02",
          "tintindex": 0
        },
        "south": {
          "uv": [
            3.25,
            6,
            3.5,
            6.75
          ],
          "rotation": 0,
          "texture": "#5b207868-5645-b898-8b42-e1687b302a02",
          "tintindex": 0
        },
        "up": {
          "uv": [
            1.75,
            6,
            1.5,
            4.5
          ],
          "rotation": 0,
          "texture": "#5b207868-5645-b898-8b42-e1687b302a02",
          "tintindex": 0
        },
        "west": {
          "uv": [
            1.75,
            6,
            3.25,
            6.75
          ],
          "rotation": 0,
          "texture": "#5b207868-5645-b898-8b42-e1687b302a02",
          "tintindex": 0
        }
      }
    },
    {
      "name": "middle_detail",
      "from": [
        7.4,
        10.715,
        18.8
      ],
      "to": [
        8,
        12.515,
        22.400002
      ],
      "rotation": {
        "angle": 0,
        "axis": "x",
        "origin": [
          8,
          10.715,
          18.8
        ]
      },
      "faces": {
        "down": {
          "uv": [
            2,
            4.5,
            1.75,
            6
          ],
          "rotation": 0,
          "texture": "#5b207868-5645-b898-8b42-e1687b302a02",
          "tintindex": 0
        },
        "east": {
          "uv": [
            14,
            0.5,
            15.5,
            1.25
          ],
          "rotation": 0,
          "texture": "#5b207868-5645-b898-8b42-e1687b302a02",
          "tintindex": 0
        },
        "north": {
          "uv": [
            1.5,
            6,
            1.75,
            6.75
          ],
          "rotation": 0,
          "texture": "#5b207868-5645-b898-8b42-e1687b302a02",
          "tintindex": 0
        },
        "south": {
          "uv": [
            3.25,
            6,
            3.5,
            6.75
          ],
          "rotation": 0,
          "texture": "#5b207868-5645-b898-8b42-e1687b302a02",
          "tintindex": 0
        },
        "up": {
          "uv": [
            1.75,
            6,
            1.5,
            4.5
          ],
          "rotation": 0,
          "texture": "#5b207868-5645-b898-8b42-e1687b302a02",
          "tintindex": 0
        },
        "west": {
          "uv": [
            2.75,
            5,
            4.25,
            5.75
          ],
          "rotation": 0,
          "texture": "#5b207868-5645-b898-8b42-e1687b302a02",
          "tintindex": 0
        }
      }
    },
    {
      "name": "left_detail",
      "from": [
        7.4,
        10.715,
        19.400002
      ],
      "to": [
        8,
        11.915,
        22.400002
      ],
      "rotation": {
        "angle": 0,
        "axis": "x",
        "origin": [
          7.4,
          10.715,
          18.8
        ]
      },
      "faces": {
        "down": {
          "uv": [
            13.25,
            1.75,
            13,
            3
          ],
          "rotation": 0,
          "texture": "#5b207868-5645-b898-8b42-e1687b302a02",
          "tintindex": 0
        },