{"file_name":"frontrightarm","texture_size":[32,32],"textures":{"2b6d8995-4471-e295-cee7-089af3479bbd":"modelengine:entity/hornytoad"},"elements":[{"name":"cube","from":[8.065486,7.5672126,4.3774896],"to":[9.865486,7.5672126,6.1774898],"rotation":{"angle":22.5,"axis":"x","origin":[8.665485,5.9197807,5.6166973]},"faces":{"down":{"uv":[5,4,6.5,5.5],"rotation":0,"texture":"#2b6d8995-4471-e295-cee7-089af3479bbd","tintindex":0},"east":{"uv":[1.5,0,0,0],"rotation":0,"texture":"#2b6d8995-4471-e295-cee7-089af3479bbd","tintindex":0},"north":{"uv":[1.5,0,0,0],"rotation":0,"texture":"#2b6d8995-4471-e295-cee7-089af3479bbd","tintindex":0},"south":{"uv":[1.5,0,0,0],"rotation":0,"texture":"#2b6d8995-4471-e295-cee7-089af3479bbd","tintindex":0},"up":{"uv":[5,5.5,6.5,4],"rotation":0,"texture":"#2b6d8995-4471-e295-cee7-089af3479bbd","tintindex":0},"west":{"uv":[1.5,0,0,0],"rotation":0,"texture":"#2b6d8995-4471-e295-cee7-089af3479bbd","tintindex":0}}},{"name":"cube","from":[8.065486,7.4264336,8.191462],"to":[9.265487,8.026434,8.791462],"rotation":{"angle":-22.5,"axis":"x","origin":[8.734531,6.5454607,7.697523]},"faces":{"down":{"uv":[8,7,9,7.5],"rotation":0,"texture":"#2b6d8995-4471-e295-cee7-089af3479bbd","tintindex":0},"east":{"uv":[9,8.5,8.5,9],"rotation":0,"texture":"#2b6d8995-4471-e295-cee7-089af3479bbd","tintindex":0},"north":{"uv":[5,8,4,8.5],"rotation":0,"texture":"#2b6d8995-4471-e295-cee7-089af3479bbd","tintindex":0},"south":{"uv":[6,8,5,8.5],"rotation":0,"texture":"#2b6d8995-4471-e295-cee7-089af3479bbd","tintindex":0},"up":{"uv":[7,8.5,8,8],"rotation":0,"texture":"#2b6d8995-4471-e295-cee7-089af3479bbd","tintindex":0},"west":{"uv":[8.5,8.5,8,9],"rotation":0,"texture":"#2b6d8995-4471-e295-cee7-089af3479bbd","tintindex":0}}},{"name":"cube","from":[8.665485,7.104451,7.0107117],"to":[9.265487,7.704451,8.210712],"rotation":{"angle":-22.5,"axis":"x","origin":[9.265487,6.336081,6.89779]},"faces":{"down":{"uv":[2,8.5,2.5,9.5],"rotation":0,"texture":"#2b6d8995-4471-e295-cee7-089af3479bbd","tintindex":0},"east":{"uv":[9,8,8,8.5],"rotation":0,"texture":"#2b6d8995-4471-e295-cee7-089af3479bbd","tintindex":0},"north":{"uv":[0.5,9,0,9.5],"rotation":0,"texture":"#2b6d8995-4471-e295-cee7-089af3479bbd","tintindex":0},"south":{"uv":[9.5,0,9,0.5],"rotation":0,"texture":"#2b6d8995-4471-e295-cee7-089af3479bbd","tintindex":0},"up":{"uv":[4.5,7,5,6],"rotation":0,"texture":"#2b6d8995-4471-e295-cee7-089af3479bbd","tintindex":0},"west":{"uv":[9,7.5,8,8],"rotation":0,"texture":"#2b6d8995-4471-e295-cee7-089af3479bbd","tintindex":0}}}],"display":{"head":{"translation":[0,-6.4,0],"rotation":[0,0,0],"scale":[3.8095,3.8095,3.8095]},"gui":{"translation":[0,0,0],"rotation":[35,225,0],"scale":[0.625,0.625,0.625]}}}
