{
  "file_name": "theleftfoot",
  "texture_size": [
    64,
    64
  ],
  "textures": {
    "f5876cf0-f724-7c48-80ac-3a30ee5370fd": "modelengine:entity/frog"
  },
  "elements": [
    {
      "name": "left_foot",
      "from": [
        3.8179996,
        4.802,
        6.4976
      ],
      "to": [
        5.2939997,
        5.2939997,
        9.4496
      ],
      "rotation": {
        "angle": 0,
        "axis": "x",
        "origin": [
          6.524,
          3.3259997,
          5.6096
        ]
      },
      "faces": {
        "down": {
          "uv": [
            9.5,
            2.25,
            8.75,
            3.75
          ],
          "rotation": 0,
          "texture": "#f5876cf0-f724-7c48-80ac-3a30ee5370fd",
          "tintindex": 0
        },
        "east": {
          "uv": [
            6.5,
            3.75,
            8,
            4
          ],
          "rotation": 0,
          "texture": "#f5876cf0-f724-7c48-80ac-3a30ee5370fd",
          "tintindex": 0
        },
        "north": {
          "uv": [
            8,
            3.75,
            8.75,
            4
          ],
          "rotation": 0,
          "texture": "#f5876cf0-f724-7c48-80ac-3a30ee5370fd",
          "tintindex": 0
        },
        "south": {
          "uv": [
            10.25,
            3.75,
            11,
            4
          ],
          "rotation": 0,
          "texture": "#f5876cf0-f724-7c48-80ac-3a30ee5370fd",
          "tintindex": 0
        },
        "up": {
          "uv": [
            8.75,
            3.75,
            8,
            2.25
          ],
          "rotation": 0,
          "texture": "#f5876cf0-f724-7c48-80ac-3a30ee5370fd",
          "tintindex": 0
        },
        "west": {
          "uv": [
            8.75,
            3.75,
            10.25,
            4
          ],
          "rotation": 0,
          "texture": "#f5876cf0-f724-7c48-80ac-3a30ee5370fd",
          "tintindex": 0
        }
      }
    }
  ],
  "display": {
    "head": {
      "translation": [
        0,
        -6.4,
        0
      ],
      "rotation": [
        0,
        0,
        0
      ],
      "scale": [
        3.8095,
        3.8095,
        3.8095
      ]
    },
    "gui": {
      "translation": [
        0,
        0,
        0
      ],
      "rotation": [
        35,
        225,
        0
      ],
      "scale": [
        0.625,
        0.625,
        0.625
      ]
    }
  }
}
