{
  "file_name": "theleftsidemouth",
  "texture_size": [
    64,
    64
  ],
  "textures": {
    "f5876cf0-f724-7c48-80ac-3a30ee5370fd": "modelengine:entity/frog"
  },
  "elements": [
    {
      "name": "left_side_mouth",
      "from": [
        5.1709995,
        12.305,
        3.6169996
      ],
      "to": [
        5.1709995,
        12.797,
        6.2
      ],
      "rotation": {
        "angle": 0,
        "axis": "x",
        "origin": [
          8,
          8,
          7.676
        ]
      },
      "faces": {
        "down": {
          "uv": [
            11.5,
            6.25,
            11.5,
            7.5
          ],
          "rotation": 0,
          "texture": "#f5876cf0-f724-7c48-80ac-3a30ee5370fd",
          "tintindex": 0
        },
        "east": {
          "uv": [
            10.25,
            7.5,
            11.5,
            7.75
          ],
          "rotation": 0,
          "texture": "#f5876cf0-f724-7c48-80ac-3a30ee5370fd",
          "tintindex": 0
        },
        "north": {
          "uv": [
            11.5,
            7.5,
            11.5,
            7.75
          ],
          "rotation": 0,
          "texture": "#f5876cf0-f724-7c48-80ac-3a30ee5370fd",
          "tintindex": 0
        },
        "south": {
          "uv": [
            12.75,
            7.5,
            12.75,
            7.75
          ],
          "rotation": 0,
          "texture": "#f5876cf0-f724-7c48-80ac-3a30ee5370fd",
          "tintindex": 0
        },
        "up": {
          "uv": [
            11.5,
            7.5,
            11.5,
            6.25
          ],
          "rotation": 0,
          "texture": "#f5876cf0-f724-7c48-80ac-3a30ee5370fd",
          "tintindex": 0
        },
        "west": {
          "uv": [
            5.5,
            1,
            6.75,
            1.25
          ],
          "rotation": 0,
          "texture": "#f5876cf0-f724-7c48-80ac-3a30ee5370fd",
          "tintindex": 0
        }
      }
    }
  ],
  "display": {
    "head": {
      "translation": [
        0,
        -6.4,
        0
      ],
      "rotation": [
        0,
        0,
        0
      ],
      "scale": [
        3.8095,
        3.8095,
        3.8095
      ]
    },
    "gui": {
      "translation": [
        0,
        0,
        0
      ],
      "rotation": [
        35,
        225,
        0
      ],
      "scale": [
        0.625,
        0.625,
        0.625
      ]
    }
  }
}
