{"file_name":"theleftarm","texture_size":[64,64],"textures":{"f5876cf0-f724-7c48-80ac-3a30ee5370fd":"modelengine:entity/frog"},"elements":[{"name":"left_arm","from":[4.5559998,4.256,7.184],"to":[5.54,6.716,8.168],"rotation":{"angle":0,"axis":"x","origin":[6.524,4.5559998,9.152]},"faces":{"down":{"uv":[10.5,4,10,4.5],"rotation":0,"texture":"#f5876cf0-f724-7c48-80ac-3a30ee5370fd","tintindex":0},"east":{"uv":[9,4.5,9.5,5.75],"rotation":0,"texture":"#f5876cf0-f724-7c48-80ac-3a30ee5370fd","tintindex":0},"north":{"uv":[9.5,4.5,10,5.75],"rotation":0,"texture":"#f5876cf0-f724-7c48-80ac-3a30ee5370fd","tintindex":0},"south":{"uv":[10.5,4.5,11,5.75],"rotation":0,"texture":"#f5876cf0-f724-7c48-80ac-3a30ee5370fd","tintindex":0},"up":{"uv":[10,4.5,9.5,4],"rotation":0,"texture":"#f5876cf0-f724-7c48-80ac-3a30ee5370fd","tintindex":0},"west":{"uv":[10,4.5,10.5,5.75],"rotation":0,"texture":"#f5876cf0-f724-7c48-80ac-3a30ee5370fd","tintindex":0}}}],"display":{"head":{"translation":[0,-6.4,0],"rotation":[0,0,0],"scale":[3.8095,3.8095,3.8095]},"gui":{"translation":[0,0,0],"rotation":[35,225,0],"scale":[0.625,0.625,0.625]}}}
