{"file_name":"therighteye","texture_size":[64,64],"textures":{"f5876cf0-f724-7c48-80ac-3a30ee5370fd":"modelengine:entity/frog"},"elements":[{"name":"right_eye","from":[8.738,13.166,4.7389994],"to":[9.722,14.150001,5.7229996],"rotation":{"angle":0,"axis":"x","origin":[8,8,7.676]},"faces":{"down":{"uv":[5.25,0,4.75,0.5],"rotation":0,"texture":"#f5876cf0-f724-7c48-80ac-3a30ee5370fd","tintindex":0},"east":{"uv":[3.75,0.5,4.25,1],"rotation":0,"texture":"#f5876cf0-f724-7c48-80ac-3a30ee5370fd","tintindex":0},"north":{"uv":[4.25,0.5,4.75,1],"rotation":0,"texture":"#f5876cf0-f724-7c48-80ac-3a30ee5370fd","tintindex":0},"south":{"uv":[5.25,0.5,5.75,1],"rotation":0,"texture":"#f5876cf0-f724-7c48-80ac-3a30ee5370fd","tintindex":0},"up":{"uv":[4.75,0.5,4.25,0],"rotation":0,"texture":"#f5876cf0-f724-7c48-80ac-3a30ee5370fd","tintindex":0},"west":{"uv":[4.75,0.5,5.25,1],"rotation":0,"texture":"#f5876cf0-f724-7c48-80ac-3a30ee5370fd","tintindex":0}}}],"display":{"head":{"translation":[0,-6.4,0],"rotation":[0,0,0],"scale":[3.8095,3.8095,3.8095]},"gui":{"translation":[0,0,0],"rotation":[35,225,0],"scale":[0.625,0.625,0.625]}}}
