{"file_name":"therightarm","texture_size":[64,64],"textures":{"f5876cf0-f724-7c48-80ac-3a30ee5370fd":"modelengine:entity/frog"},"elements":[{"name":"right_arm","from":[10.460001,4.256,7.184],"to":[11.444,6.716,8.168],"rotation":{"angle":0,"axis":"x","origin":[9.476,4.5559998,9.152]},"faces":{"down":{"uv":[12,4,11.5,4.5],"rotation":0,"texture":"#f5876cf0-f724-7c48-80ac-3a30ee5370fd","tintindex":0},"east":{"uv":[11.5,4.5,12,5.75],"rotation":0,"texture":"#f5876cf0-f724-7c48-80ac-3a30ee5370fd","tintindex":0},"north":{"uv":[12,4.5,12.5,5.75],"rotation":0,"texture":"#f5876cf0-f724-7c48-80ac-3a30ee5370fd","tintindex":0},"south":{"uv":[11.25,4.5,11.75,5.75],"rotation":0,"texture":"#f5876cf0-f724-7c48-80ac-3a30ee5370fd","tintindex":0},"up":{"uv":[12.5,4.5,12,4],"rotation":0,"texture":"#f5876cf0-f724-7c48-80ac-3a30ee5370fd","tintindex":0},"west":{"uv":[12.5,4.5,13,5.75],"rotation":0,"texture":"#f5876cf0-f724-7c48-80ac-3a30ee5370fd","tintindex":0}}}],"display":{"head":{"translation":[0,-6.4,0],"rotation":[0,0,0],"scale":[3.8095,3.8095,3.8095]},"gui":{"translation":[0,0,0],"rotation":[35,225,0],"scale":[0.625,0.625,0.625]}}}
