{
  "file_name": "scarab",
  "texture_size": [
    32,
    32
  ],
  "textures": {
    "526639ef-6a26-8bb4-0c93-a28c282a74d6": "modelengine:entity/scarab"
  },
  "elements": [
    {
      "name": "cube",
      "from": [
        6.9757357,
        6.375736,
        7.4
      ],
      "to": [
        9.975737,
        8.775736,
        10.4
      ],
      "rotation": {
        "angle": 0,
        "axis": "x",
        "origin": [
          8.175735,
          6.375736,
          7.4
        ]
      },
      "faces": {
        "down": {
          "uv": [
            2.5,
            2.5,
            0,
            5
          ],
          "rotation": 0,
          "texture": "#526639ef-6a26-8bb4-0c93-a28c282a74d6",
          "tintindex": 0
        },
        "east": {
          "uv": [
            2.5,
            0,
            5,
            2
          ],
          "rotation": 0,
          "texture": "#526639ef-6a26-8bb4-0c93-a28c282a74d6",
          "tintindex": 0
        },
        "north": {
          "uv": [
            2.5,
            2.5,
            5,
            4.5
          ],
          "rotation": 0,
          "texture": "#526639ef-6a26-8bb4-0c93-a28c282a74d6",
          "tintindex": 0
        },
        "south": {
          "uv": [
            2.5,
            4.5,
            5,
            6.5
          ],
          "rotation": 0,
          "texture": "#526639ef-6a26-8bb4-0c93-a28c282a74d6",
          "tintindex": 0
        },
        "up": {
          "uv": [
            2.5,
            2.5,
            0,
            0
          ],
          "rotation": 0,
          "texture": "#526639ef-6a26-8bb4-0c93-a28c282a74d6",
          "tintindex": 0
        },
        "west": {
          "uv": [
            0,
            5,
            2.5,
            7
          ],
          "rotation": 0,
          "texture": "#526639ef-6a26-8bb4-0c93-a28c282a74d6",
          "tintindex": 0
        }
      }
    },
    {
      "name": "cube",
      "from": [
        7.575736,
        6.375736,
        10.4
      ],
      "to": [
        9.375736,
        8.175735,
        11
      ],
      "rotation": {
        "angle": 0,
        "axis": "x",
        "origin": [
          8.175735,
          6.375736,
          7.4
        ]
      },
      "faces": {
        "down": {
          "uv": [
            6.5,
            4.5,
            5,
            5
          ],
          "rotation": 0,
          "texture": "#526639ef-6a26-8bb4-0c93-a28c282a74d6",
          "tintindex": 0
        },
        "east": {
          "uv": [
            3,
            8.5,
            3.5,
            10
          ],
          "rotation": 0,
          "texture": "#526639ef-6a26-8bb4-0c93-a28c282a74d6",
          "tintindex": 0
        },
        "north": {
          "uv": [
            0,
            7,
            1.5,
            8.5
          ],
          "rotation": 0,
          "texture": "#526639ef-6a26-8bb4-0c93-a28c282a74d6",
          "tintindex": 0
        },
        "south": {
          "uv": [
            4,
            7.5,
            5.5,
            9
          ],
          "rotation": 0,
          "texture": "#526639ef-6a26-8bb4-0c93-a28c282a74d6",
          "tintindex": 0
        },
        "up": {
          "uv": [
            4,
            2.5,
            2.5,
            2
          ],
          "rotation": 0,
          "texture": "#526639ef-6a26-8bb4-0c93-a28c282a74d6",
          "tintindex": 0
        },
        "west": {
          "uv": [
            3.5,
            8.5,
            4,
            10
          ],
          "rotation": 0,
          "texture": "#526639ef-6a26-8bb4-0c93-a28c282a74d6",
          "tintindex": 0
        }
      }
    },
    {
      "name": "cube",
      "from": [
        6.9757357,
        6.375736,
        6.2
      ],
      "to": [
        9.975737,
        8.175735,
        7.4
      ],
      "rotation": {
        "angle": 0,
        "axis": "x",
        "origin": [
          8.175735,
          6.375736,
          7.4
        ]
      },
      "faces": {
        "down": {
          "uv": [
            6.5,
            6.5,
            4,
            7.5
          ],
          "rotation": 0,
          "texture": "#526639ef-6a26-8bb4-0c93-a28c282a74d6",
          "tintindex": 0
        },
        "east": {
          "uv": [
            1.5,
            7,
            2.5,
            8.5
          ],
          "rotation": 0,
          "texture": "#526639ef-6a26-8bb4-0c93-a28c282a74d6",
          "tintindex": 0
        },
        "north": {
          "uv": [
            5,
            5,
            7.5,
            6.5
          ],
          "rotation": 0,
          "texture": "#526639ef-6a26-8bb4-0c93-a28c282a74d6",
          "tintindex": 0
        },
        "south": {
          "uv": [
            5,
            0,
            7.5,
            1.5
          ],
          "rotation": 0,
          "texture": "#526639ef-6a26-8bb4-0c93-a28c282a74d6",
          "tintindex": 0
        },
        "up": {
          "uv": [
            7.5,
            4.5,
            5,
            3.5
          ],
          "rotation": 0,
          "texture": "#526639ef-6a26-8bb4-0c93-a28c282a74d6",
          "tintindex": 0
        },
        "west": {
          "uv": [
            0,
            8.5,
            1,
            10
          ],
          "rotation": 0,
          "texture": "#526639ef-6a26-8bb4-0c93-a28c282a74d6",
          "tintindex": 0
        }
      }
    },
    {
      "name": "cube",
      "from": [
        7.575736,
        6.375736,
        5
      ],
      "to": [
        9.375736,
        7.575736,
        6.2
      ],
      "rotation": {
        "angle": 0,
        "axis": "x",
        "origin": [
          8.175735,
          6.375736,
          7.4
        ]
      },
      "faces": {
        "down": {
          "uv": [
            8.5,
            8,
            7,
            9
          ],
          "rotation": 0,
          "texture": "#526639ef-6a26-8bb4-0c93-a28c282a74d6",
          "tintindex": 0
        },
        "east": {
          "uv": [
            1,
            8.5,
            2,
            9.5
          ],
          "rotation": 0,
          "texture": "#526639ef-6a26-8bb4-0c93-a28c282a74d6",
          "tintindex": 0
        },
        "north": {
          "uv": [
            7.5,
            4.5,
            9,
            5.5
          ],
          "rotation": 0,
          "texture": "#526639ef-6a26-8bb4-0c93-a28c282a74d6",
          "tintindex": 0
        },
        "south": {
          "uv": [
            7.5,
            5.5,
            9,
            6.5
          ],
          "rotation": 0,
          "texture": "#526639ef-6a26-8bb4-0c93-a28c282a74d6",
          "tintindex": 0
        },
        "up": {
          "uv": [
            7,
            9,
            5.5,
            8
          ],
          "rotation": 0,
          "texture": "#526639ef-6a26-8bb4-0c93-a28c282a74d6",
          "tintindex": 0
        },
        "west": {
          "uv": [
            2,
            8.5,
            3,
            9.5
          ],
          "rotation": 0,
          "texture": "#526639ef-6a26-8bb4-0c93-a28c282a74d6",
          "tintindex": 0
        }
      }
    },
    {
      "name": "cube",
      "from": [
        7.4,
        8,
        3.7999997
      ],
      "to": [
        7.4,
        10.4,
        5.6
      ],
      "rotation": {
        "angle": 45,
        "axis": "z",
        "origin": [
          8,
          8,
          7.4
        ]
      },
      "faces": {
        "down": {
          "uv": [
            0,
            0,
            0,
            1.5
          ],
          "rotation": 0,
          "texture": "#526639ef-6a26-8bb4-0c93-a28c282a74d6",
          "tintindex": 0
        },
        "east": {
          "uv": [
            5,
            1.5,
            6.5,
            3.5
          ],
          "rotation": 0,
          "texture": "#526639ef-6a26-8bb4-0c93-a28c282a74d6",