{"file_name":"cacti","texture_size":[16,16],"textures":{"5c4de9d8-42ab-3519-8327-aaf8cfc78532":"minecraft:block/cactus_side"},"elements":[{"name":"cube","from":[6.8,8.6,7.4],"to":[10.4,14,8.6],"rotation":{"angle":0,"axis":"x","origin":[8,8,8]},"faces":{"down":{"uv":[5,4,11,6],"rotation":0,"texture":"#5c4de9d8-42ab-3519-8327-aaf8cfc78532","tintindex":0},"east":{"uv":[8,3,10,12],"rotation":0,"texture":"#5c4de9d8-42ab-3519-8327-aaf8cfc78532","tintindex":0},"north":{"uv":[5,7,11,16],"rotation":0,"texture":"#5c4de9d8-42ab-3519-8327-aaf8cfc78532","tintindex":0},"south":{"uv":[5,7,11,16],"rotation":0,"texture":"#5c4de9d8-42ab-3519-8327-aaf8cfc78532","tintindex":0},"up":{"uv":[5,4,11,6],"rotation":0,"texture":"#5c4de9d8-42ab-3519-8327-aaf8cfc78532","tintindex":0},"west":{"uv":[4,1,6,10],"rotation":0,"texture":"#5c4de9d8-42ab-3519-8327-aaf8cfc78532","tintindex":0}}},{"name":"cube","from":[8.3,15.650001,3.1999998],"to":[8.9,20.45,6.8],"rotation":{"angle":-45,"axis":"x","origin":[8,17.75,8.3]},"faces":{"down":{"uv":[5,8,11,9],"rotation":270,"texture":"#5c4de9d8-42ab-3519-8327-aaf8cfc78532","tintindex":0},"east":{"uv":[5,7,11,15],"rotation":0,"texture":"#5c4de9d8-42ab-3519-8327-aaf8cfc78532","tintindex":0},"north":{"uv":[5,2,6,10],"rotation":0,"texture":"#5c4de9d8-42ab-3519-8327-aaf8cfc78532","tintindex":0},"south":{"uv":[1,3,2,11],"rotation":0,"texture":"#5c4de9d8-42ab-3519-8327-aaf8cfc78532","tintindex":0},"up":{"uv":[5,0,11,1],"rotation":90,"texture":"#5c4de9d8-42ab-3519-8327-aaf8cfc78532","tintindex":0},"west":{"uv":[5,3,11,11],"rotation":0,"texture":"#5c4de9d8-42ab-3519-8327-aaf8cfc78532","tintindex":0}}},{"name":"cube","from":[7.4,17.940811,8.336396],"to":[9.8,18.540813,11.936397],"rotation":{"angle":-45,"axis":"x","origin":[9.8,15.840813,8.936396]},"faces":{"down":{"uv":[6,8,10,14],"rotation":0,"texture":"#5c4de9d8-42ab-3519-8327-aaf8cfc78532","tintindex":0},"east":{"uv":[5,3,6,9],"rotation":270,"texture":"#5c4de9d8-42ab-3519-8327-aaf8cfc78532","tintindex":0},"north":{"uv":[6,4,10,5],"rotation":180,"texture":"#5c4de9d8-42ab-3519-8327-aaf8cfc78532","tintindex":0},"south":{"uv":[6,0,10,1],"rotation":0,"texture":"#5c4de9d8-42ab-3519-8327-aaf8cfc78532","tintindex":0},"up":{"uv":[6,0,10,6],"rotation":180,"texture":"#5c4de9d8-42ab-3519-8327-aaf8cfc78532","tintindex":0},"west":{"uv":[5,3,6,9],"rotation":90,"texture":"#5c4de9d8-42ab-3519-8327-aaf8cfc78532","tintindex":0}}},{"name":"cube","from":[8,8,7.7],"to":[9.2,8.6,8.3],"rotation":{"angle":0,"axis":"x","origin":[8,8,8]},"faces":{"down":{"uv":[10,6,12,7],"rotation":0,"texture":"#5c4de9d8-42ab-3519-8327-aaf8cfc78532","tintindex":0},"east":{"uv":[10,0,11,1],"rotation":0,"texture":"#5c4de9d8-42ab-3519-8327-aaf8cfc78532","tintindex":0},"north":{"uv":[9,5,11,6],"rotation":0,"texture":"#5c4de9d8-42ab-3519-8327-aaf8cfc78532","tintindex":0},"south":{"uv":[9,8,11,9],"rotation":0,"texture":"#5c4de9d8-42ab-3519-8327-aaf8cfc78532","tintindex":0},"up":{"uv":[5,5,7,6],"rotation":0,"texture":"#5c4de9d8-42ab-3519-8327-aaf8cfc78532","tintindex":0},"west":{"uv":[10,6,11,7],"rotation":0,"texture":"#5c4de9d8-42ab-3519-8327-aaf8cfc78532","tintindex":0}}},{"name":"cube","from":[8.6,15.650001,6.8],"to":[8.6,20.45,7.4],"rotation":{"angle":-45,"axis":"x","origin":[8,17.75,8.3]},"faces":{"down":{"uv":[5,8,11,9],"rotation":270,"texture":"#5c4de9d8-42ab-3519-8327-aaf8cfc78532","tintindex":0},"east":{"uv":[0,0,1,8],"rotation":0,"texture":"#5c4de9d8-42ab-3519-8327-aaf8cfc78532","tintindex":0},"north":{"uv":[5,2,6,10],"rotation":0,"texture":"#5c4de9d8-42ab-3519-8327-aaf8cfc78532","tintindex":0},"south":{"uv":[1,3,2,11],"rotation":0,"texture":"#5c4de9d8-42ab-3519-8327-aaf8cfc78532","tintindex":0},"up":{"uv":[5,0,11,1],"rotation":90,"texture":"#5c4de9d8-42ab-3519-8327-aaf8cfc78532","tintindex":0},"west":{"uv":[0,0,1,8],"rotation":0,"texture":"#5c4de9d8-42ab-3519-8327-aaf8cfc78532","tintindex":0}}},{"name":"cube","from":[8.6,15.650001,2.6],"to":[8.6,20.45,3.1999998],"rotation":{"angle":-45,"axis":"x","origin":[8,17.75,8.3]},"faces":{"down":{"uv":[5,8,11,9],"rotation":270,"texture":"#5c4de9d8-42ab-3519-8327-aaf8cfc78532","tintindex":0},"east":{"uv":[0,5,1,13],"rotation":0,"texture":"#5c4de9d8-42ab-3519-8327-aaf8cfc78532","tintindex":0},"north":{"uv":[5,2,6,10],"rotation":0,"texture":"#5c4de9d8-42ab-3519-8327-aaf8cfc78532","tintindex":0},"south":{"uv":[1,3,2,11],"rotation":0,"texture":"#5c4de9d8-42ab-3519-8327-aaf8cfc78532","tintindex":0},"up":{"uv":[5,0,11,1],"rotation":90,"texture":"#5c4de9d8-42ab-3519-8327-aaf8cfc78532","tintindex":0},"west":{"uv":[0,5,1,13],"rotation":0,"texture":"#5c4de9d8-42ab-3519-8327-aaf8cfc78532","tintindex":0}}},{"name":"cube","from":[7.7,15.650001,5],"to":[8.3,20.45,5],"rotation":{"angle":-45,"axis":"x","origin":[8,17.75,8.3]},"faces":{"down":{"uv":[5,8,11,9],"rotation":270,"texture":"#5c4de9d8-42ab-3519-8327-aaf8cfc78532","tintindex":0},"east":{"uv":[0,5,1,13],"rotation":0,"texture":"#5c4de9d8-42ab-3519-8327-aaf8cfc78532","tintindex":0},"north":{"uv":[15,5,16,13],"rotation":0,"texture":"#5c4de9d8-42ab-3519-8327-aaf8cfc78532","tintindex":0},"south":{"uv":[15,5,16,13],"rotation":0,"texture":"#5c4de9d8-42ab-3519-8327-aaf8cfc78532","tintindex":0},"up":{"uv":[5,0,11,1],"rotation":90,"texture":"#5c4de9d8-42ab-3519-8327-aaf8cfc78532","tintindex":0},"west":{"uv":[0,5,1,13],"rotation":0,"texture":"#5c4de9d8-42ab-3519-8327-aaf8cfc78532","tintindex":0}}},{"name":"cube","from":[8.9,15.650001,5],"to":[9.5,20.45,5],"rotation":{"angle":-45,"axis":"x","origin":[8,17.75,8.3]},"faces":{"down":{"uv":[5,8,11,9],"rotation":270,"texture":"#5c4de9d8-42ab-3519-8327-aaf8cfc78532","tintindex":0},"east":{"uv":[0,5,1,13],"rotation":0,"texture":"#5c4de9d8-42ab-3519-8327-aaf8cfc78532","tintindex":0},"north":{"uv":[0,0,1,8],"rotation":0,"texture":"#5c4de9d8-42ab-3519-8327-aaf8cfc78532","tintindex":0},"south":{"uv":[0,0,1,8],"rotation":0,"texture":"#5c4de9d8-42ab-3519-8327-aaf8cfc78532","tintindex":0},"up":{"uv":[5,0,11,1],"rotation":90,"texture":"#5c4de9d8-42ab-3519-8327-aaf8cfc78532","tintindex":0},"west":{"uv":[0,5,1,13],"rotation":0,"texture":"#5c4de9d8-42ab-3519-8327-aaf8cfc78532","tintindex":0}}},{"name":"cube","from":[9.8,18.240812,8.336396],"to":[10.4,18.240812,11.936397],"rotation":{"angle":-45,"axis":"x","origin":[9.8,15.840813,8.936396]},"faces":{"down":{"uv":[0,1,1,7],"rotation":0,"texture":"#5c4de9d8-42ab-3519-8327-aaf8cfc78532","tintindex":0},"east":{"uv":[5,3,6,9],"rotation":270,"texture":"#5c4de9d8-42ab-3519-8327-aaf8cfc78532","tintindex":0},"north":{"uv":[6,4,10,5],"rotation":180,"texture":"#5c4de9d8-42ab-3519-8327-aaf8cfc78532","tintindex":0},"south":{"uv":[6,0,10,1],"rotation":0,"texture":"#5c4de9d8-42ab-3519-8327-aaf8cfc78532","tintindex":0},"up":{"uv":[0,1,1,7],"rotation":180,"texture":"#5c4de9d8-42ab-3519-8327-aaf8cfc78532","tintindex":0},"west":{"uv":[5,3,6,9],"rotation":90,"texture":"#5c4de9d8-42ab-3519-8327-aaf8cfc78532","tintindex":0}}},{"name":"cube","from":[6.8,18.240812,8.336396],"to":[7.4,18.240812,11.936397],"rotation":{"angle":-45,"axis":"x","origin":[9.8,15.840813,8.936396]},"faces":{"down":{"uv":[0,3,1,9],"rotation":0,"texture":"#5c4de9d8-42ab-3519-8327-aaf8cfc78532","tintindex":0},"east":{"uv":[5,3,6,9],"rotation":270,"texture":"#5c4de9d8-42ab-3519-8327-aaf8cfc78532","tintindex":0},"north":{"uv":[6,4,10,5],"rotation":180,"texture":"#5c4de9d8-42ab-3519-8327-aaf8cfc78532","tintindex":0},"south":{"uv":[6,0,10,1],"rotation":0,"texture":"#5c4de9d8-42ab-3519-8327-aaf8cfc78532","tintindex":0},"up":{"uv":[0,3,1,9],"rotation":180,"texture":"#5c4de9d8-42ab-3519-8327-aaf8cfc78532","tintindex":0},"west":{"uv":[5,3,6,9],"rotation":90,"texture":"#5c4de9d8-42ab-3519-8327-aaf8cfc78532","tintindex":0}}},{"name":"cube","from":[6.2,8.6,8],"to":[6.8,14,8],"rotation":{"angle":0,"axis":"x","origin":[8,8,8]},"faces":{"down":{"uv":[5,4,11,6],"rotation":0,"texture":"#5c4de9d8-42ab-3519-8327-aaf8cfc78532","tintindex":0},"east":{"uv":[8,3,10,12],"rotation":0,"texture":"#5c4de9d8-42ab-3519-8327-aaf8cfc78532","tintindex":0},