{
  "file_name": "body",
  "texture_size": [
    16,
    16
  ],
  "textures": {
    "027a45bf-7818-8d24-ee58-2e192d619dbc": "modelengine:entity/flamingobaby"
  },
  "elements": [
    {
      "name": "cube",
      "from": [
        7.1,
        4.5008636,
        6.2348013
      ],
      "to": [
        8.9,
        6.3008633,
        9.234802
      ],
      "rotation": {
        "angle": 0,
        "axis": "x",
        "origin": [
          7.1,
          4.5008636,
          6.2348013
        ]
      },
      "faces": {
        "down": {
          "uv": [
            8,
            0,
            5,
            5
          ],
          "rotation": 0,
          "texture": "#027a45bf-7818-8d24-ee58-2e192d619dbc",
          "tintindex": 0
        },
        "east": {
          "uv": [
            0,
            0,
            5,
            3
          ],
          "rotation": 0,
          "texture": "#027a45bf-7818-8d24-ee58-2e192d619dbc",
          "tintindex": 0
        },
        "north": {
          "uv": [
            0,
            6,
            3,
            9
          ],
          "rotation": 0,
          "texture": "#027a45bf-7818-8d24-ee58-2e192d619dbc",
          "tintindex": 0
        },
        "south": {
          "uv": [
            8,
            8,
            11,
            11
          ],
          "rotation": 0,
          "texture": "#027a45bf-7818-8d24-ee58-2e192d619dbc",
          "tintindex": 0
        },
        "up": {
          "uv": [
            8,
            10,
            5,
            5
          ],
          "rotation": 0,
          "texture": "#027a45bf-7818-8d24-ee58-2e192d619dbc",
          "tintindex": 0
        },
        "west": {
          "uv": [
            0,
            3,
            5,
            6
          ],
          "rotation": 0,
          "texture": "#027a45bf-7818-8d24-ee58-2e192d619dbc",
          "tintindex": 0
        }
      }
    },
    {
      "name": "cube",
      "from": [
        7.4,
        5.1008635,
        9.234802
      ],
      "to": [
        8.6,
        6.3008633,
        9.834802
      ],
      "rotation": {
        "angle": -22.5,
        "axis": "x",
        "origin": [
          8,
          5.700864,
          9.5348015
        ]
      },
      "faces": {
        "down": {
          "uv": [
            15,
            11,
            13,
            12
          ],
          "rotation": 0,
          "texture": "#027a45bf-7818-8d24-ee58-2e192d619dbc",
          "tintindex": 0
        },
        "east": {
          "uv": [
            13,
            6,
            14,
            8
          ],
          "rotation": 0,
          "texture": "#027a45bf-7818-8d24-ee58-2e192d619dbc",
          "tintindex": 0
        },
        "north": {
          "uv": [
            6,
            10,
            8,
            12
          ],
          "rotation": 0,
          "texture": "#027a45bf-7818-8d24-ee58-2e192d619dbc",
          "tintindex": 0
        },
        "south": {
          "uv": [
            10,
            6,
            12,
            8
          ],
          "rotation": 0,
          "texture": "#027a45bf-7818-8d24-ee58-2e192d619dbc",
          "tintindex": 0
        },
        "up": {
          "uv": [
            15,
            11,
            13,
            10
          ],
          "rotation": 0,
          "texture": "#027a45bf-7818-8d24-ee58-2e192d619dbc",
          "tintindex": 0
        },
        "west": {
          "uv": [
            13,
            8,
            14,
            10
          ],
          "rotation": 0,
          "texture": "#027a45bf-7818-8d24-ee58-2e192d619dbc",
          "tintindex": 0
        }
      }
    }
  ],
  "display": {
    "head": {
      "translation": [
        0,
        -6.4,
        0
      ],
      "rotation": [
        0,
        0,
        0
      ],
      "scale": [
        3.8095,
        3.8095,
        3.8095
      ]
    },
    "gui": {
      "translation": [
        0,
        0,
        0
      ],
      "rotation": [
        35,
        225,
        0
      ],
      "scale": [
        0.625,
        0.625,
        0.625
      ]
    }
  }
}
