{"file_name":"head","texture_size":[16,16],"textures":{"027a45bf-7818-8d24-ee58-2e192d619dbc":"modelengine:entity/flamingobaby"},"elements":[{"name":"cube","from":[7.7,8.368512,6.767476],"to":[8.3,8.968513,7.967476],"rotation":{"angle":22.5,"axis":"x","origin":[7.1,8.368512,6.1674757]},"faces":{"down":{"uv":[13,0,12,2],"rotation":0,"texture":"#027a45bf-7818-8d24-ee58-2e192d619dbc","tintindex":0},"east":{"uv":[5,12,7,13],"rotation":0,"texture":"#027a45bf-7818-8d24-ee58-2e192d619dbc","tintindex":0},"north":{"uv":[10,14,11,15],"rotation":0,"texture":"#027a45bf-7818-8d24-ee58-2e192d619dbc","tintindex":0},"south":{"uv":[11,14,12,15],"rotation":0,"texture":"#027a45bf-7818-8d24-ee58-2e192d619dbc","tintindex":0},"up":{"uv":[8,14,7,12],"rotation":0,"texture":"#027a45bf-7818-8d24-ee58-2e192d619dbc","tintindex":0},"west":{"uv":[12,12,14,13],"rotation":0,"texture":"#027a45bf-7818-8d24-ee58-2e192d619dbc","tintindex":0}}},{"name":"cube","from":[7.7,8.138903,6.7218037],"to":[8.3,9.3389015,7.3218036],"rotation":{"angle":0,"axis":"x","origin":[7.1,8.138903,5.521804]},"faces":{"down":{"uv":[15,0,14,1],"rotation":0,"texture":"#027a45bf-7818-8d24-ee58-2e192d619dbc","tintindex":0},"east":{"uv":[12,4,13,6],"rotation":0,"texture":"#027a45bf-7818-8d24-ee58-2e192d619dbc","tintindex":0},"north":{"uv":[12,2,13,4],"rotation":0,"texture":"#027a45bf-7818-8d24-ee58-2e192d619dbc","tintindex":0},"south":{"uv":[12,6,13,8],"rotation":0,"texture":"#027a45bf-7818-8d24-ee58-2e192d619dbc","tintindex":0},"up":{"uv":[15,15,14,14],"rotation":0,"texture":"#027a45bf-7818-8d24-ee58-2e192d619dbc","tintindex":0},"west":{"uv":[12,8,13,10],"rotation":0,"texture":"#027a45bf-7818-8d24-ee58-2e192d619dbc","tintindex":0}}},{"name":"cube","from":[7.7,10.187431,7.0732756],"to":[8.3,11.387431,7.6732755],"rotation":{"angle":45,"axis":"x","origin":[7.1,10.187431,5.8732758]},"faces":{"down":{"uv":[15,2,14,3],"rotation":0,"texture":"#027a45bf-7818-8d24-ee58-2e192d619dbc","tintindex":0},"east":{"uv":[5,13,6,15],"rotation":0,"texture":"#027a45bf-7818-8d24-ee58-2e192d619dbc","tintindex":0},"north":{"uv":[12,10,13,12],"rotation":0,"texture":"#027a45bf-7818-8d24-ee58-2e192d619dbc","tintindex":0},"south":{"uv":[6,13,7,15],"rotation":0,"texture":"#027a45bf-7818-8d24-ee58-2e192d619dbc","tintindex":0},"up":{"uv":[15,2,14,1],"rotation":0,"texture":"#027a45bf-7818-8d24-ee58-2e192d619dbc","tintindex":0},"west":{"uv":[12,13,13,15],"rotation":0,"texture":"#027a45bf-7818-8d24-ee58-2e192d619dbc","tintindex":0}}},{"name":"cube","from":[7.7,9.763166,7.3945956],"to":[8.3,10.963167,7.994596],"rotation":{"angle":0,"axis":"x","origin":[7.1,9.763166,6.1945963]},"faces":{"down":{"uv":[15,4,14,5],"rotation":0,"texture":"#027a45bf-7818-8d24-ee58-2e192d619dbc","tintindex":0},"east":{"uv":[13,0,14,2],"rotation":0,"texture":"#027a45bf-7818-8d24-ee58-2e192d619dbc","tintindex":0},"north":{"uv":[13,13,14,15],"rotation":0,"texture":"#027a45bf-7818-8d24-ee58-2e192d619dbc","tintindex":0},"south":{"uv":[13,2,14,4],"rotation":0,"texture":"#027a45bf-7818-8d24-ee58-2e192d619dbc","tintindex":0},"up":{"uv":[15,4,14,3],"rotation":0,"texture":"#027a45bf-7818-8d24-ee58-2e192d619dbc","tintindex":0},"west":{"uv":[13,4,14,6],"rotation":0,"texture":"#027a45bf-7818-8d24-ee58-2e192d619dbc","tintindex":0}}},{"name":"cube","from":[7.4,10.679682,6.630459],"to":[8.6,11.879683,7.830459],"rotation":{"angle":0,"axis":"x","origin":[7.4,10.679682,4.830459]},"faces":{"down":{"uv":[6,10,4,12],"rotation":0,"texture":"#027a45bf-7818-8d24-ee58-2e192d619dbc","tintindex":0},"east":{"uv":[3,8,5,10],"rotation":0,"texture":"#027a45bf-7818-8d24-ee58-2e192d619dbc","tintindex":0},"north":{"uv":[3,6,5,8],"rotation":0,"texture":"#027a45bf-7818-8d24-ee58-2e192d619dbc","tintindex":0},"south":{"uv":[8,6,10,8],"rotation":0,"texture":"#027a45bf-7818-8d24-ee58-2e192d619dbc","tintindex":0},"up":{"uv":[4,12,2,10],"rotation":0,"texture":"#027a45bf-7818-8d24-ee58-2e192d619dbc","tintindex":0},"west":{"uv":[0,9,2,11],"rotation":0,"texture":"#027a45bf-7818-8d24-ee58-2e192d619dbc","tintindex":0}}},{"name":"cube","from":[7.7,10.679682,6.0304594],"to":[8.3,11.279682,6.630459],"rotation":{"angle":0,"axis":"x","origin":[7.1,10.679682,4.830459]},"faces":{"down":{"uv":[10,14,9,15],"rotation":0,"texture":"#027a45bf-7818-8d24-ee58-2e192d619dbc","tintindex":0},"east":{"uv":[0,14,1,15],"rotation":0,"texture":"#027a45bf-7818-8d24-ee58-2e192d619dbc","tintindex":0},"north":{"uv":[2,9,3,10],"rotation":0,"texture":"#027a45bf-7818-8d24-ee58-2e192d619dbc","tintindex":0},"south":{"uv":[1,14,2,15],"rotation":0,"texture":"#027a45bf-7818-8d24-ee58-2e192d619dbc","tintindex":0},"up":{"uv":[9,15,8,14],"rotation":0,"texture":"#027a45bf-7818-8d24-ee58-2e192d619dbc","tintindex":0},"west":{"uv":[7,14,8,15],"rotation":0,"texture":"#027a45bf-7818-8d24-ee58-2e192d619dbc","tintindex":0}}},{"name":"cube","from":[7.7,9.582626,6.3819304],"to":[8.3,10.182626,6.9819307],"rotation":{"angle":-45,"axis":"x","origin":[7.1,9.582626,5.1819305]},"faces":{"down":{"uv":[15,12,14,13],"rotation":0,"texture":"#027a45bf-7818-8d24-ee58-2e192d619dbc","tintindex":0},"east":{"uv":[14,6,15,7],"rotation":0,"texture":"#027a45bf-7818-8d24-ee58-2e192d619dbc","tintindex":0},"north":{"uv":[14,5,15,6],"rotation":0,"texture":"#027a45bf-7818-8d24-ee58-2e192d619dbc","tintindex":0},"south":{"uv":[14,7,15,8],"rotation":0,"texture":"#027a45bf-7818-8d24-ee58-2e192d619dbc","tintindex":0},"up":{"uv":[15,10,14,9],"rotation":0,"texture":"#027a45bf-7818-8d24-ee58-2e192d619dbc","tintindex":0},"west":{"uv":[14,8,15,9],"rotation":0,"texture":"#027a45bf-7818-8d24-ee58-2e192d619dbc","tintindex":0}}}],"display":{"head":{"translation":[0,-6.4,0],"rotation":[0,0,0],"scale":[3.8095,3.8095,3.8095]},"gui":{"translation":[0,0,0],"rotation":[35,225,0],"scale":[0.625,0.625,0.625]}}}
