{"file_name":"leftwing","texture_size":[16,16],"textures":{"027a45bf-7818-8d24-ee58-2e192d619dbc":"modelengine:entity/flamingobaby"},"elements":[{"name":"cube","from":[7.3139634,6.322873,7.1],"to":[7.913964,8.122873,8.9],"rotation":{"angle":0,"axis":"x","origin":[9.2,6.2,6.5]},"faces":{"down":{"uv":[9,11,10,14],"rotation":0,"texture":"#027a45bf-7818-8d24-ee58-2e192d619dbc","tintindex":0},"east":{"uv":[11,3,8,6],"rotation":0,"texture":"#027a45bf-7818-8d24-ee58-2e192d619dbc","tintindex":0},"north":{"uv":[1,11,0,14],"rotation":0,"texture":"#027a45bf-7818-8d24-ee58-2e192d619dbc","tintindex":0},"south":{"uv":[2,11,1,14],"rotation":0,"texture":"#027a45bf-7818-8d24-ee58-2e192d619dbc","tintindex":0},"up":{"uv":[8,14,9,11],"rotation":0,"texture":"#027a45bf-7818-8d24-ee58-2e192d619dbc","tintindex":0},"west":{"uv":[11,0,8,3],"rotation":0,"texture":"#027a45bf-7818-8d24-ee58-2e192d619dbc","tintindex":0}}}],"display":{"head":{"translation":[0,-6.4,0],"rotation":[0,0,0],"scale":[3.8095,3.8095,3.8095]},"gui":{"translation":[0,0,0],"rotation":[35,225,0],"scale":[0.625,0.625,0.625]}}}
