{
  "file_name": "rightleg",
  "texture_size": [
    16,
    16
  ],
  "textures": {
    "027a45bf-7818-8d24-ee58-2e192d619dbc": "modelengine:entity/flamingobaby"
  },
  "elements": [
    {
      "name": "cube",
      "from": [
        7.7,
        3.6499999,
        7.7
      ],
      "to": [
        8.3,
        5.45,
        8.3
      ],
      "rotation": {
        "angle": 0,
        "axis": "x",
        "origin": [
          6.5,
          3.6499999,
          6.5
        ]
      },
      "faces": {
        "down": {
          "uv": [
            3,
            15,
            2,
            16
          ],
          "rotation": 0,
          "texture": "#027a45bf-7818-8d24-ee58-2e192d619dbc",
          "tintindex": 0
        },
        "east": {
          "uv": [
            2,
            12,
            3,
            15
          ],
          "rotation": 0,
          "texture": "#027a45bf-7818-8d24-ee58-2e192d619dbc",
          "tintindex": 0
        },
        "north": {
          "uv": [
            11,
            8,
            12,
            11
          ],
          "rotation": 0,
          "texture": "#027a45bf-7818-8d24-ee58-2e192d619dbc",
          "tintindex": 0
        },
        "south": {
          "uv": [
            3,
            12,
            4,
            15
          ],
          "rotation": 0,
          "texture": "#027a45bf-7818-8d24-ee58-2e192d619dbc",
          "tintindex": 0
        },
        "up": {
          "uv": [
            2,
            16,
            1,
            15
          ],
          "rotation": 0,
          "texture": "#027a45bf-7818-8d24-ee58-2e192d619dbc",
          "tintindex": 0
        },
        "west": {
          "uv": [
            4,
            12,
            5,
            15
          ],
          "rotation": 0,
          "texture": "#027a45bf-7818-8d24-ee58-2e192d619dbc",
          "tintindex": 0
        }
      }
    },
    {
      "name": "cube",
      "from": [
        7.7,
        3.6499999,
        6.5
      ],
      "to": [
        8.3,
        3.6499999,
        7.7
      ],
      "rotation": {
        "angle": 0,
        "axis": "x",
        "origin": [
          6.5,
          3.6499999,
          6.5
        ]
      },
      "faces": {
        "down": {
          "uv": [
            5,
            15,
            4,
            16
          ],
          "rotation": 0,
          "texture": "#027a45bf-7818-8d24-ee58-2e192d619dbc",
          "tintindex": 0
        },
        "east": {
          "uv": [
            0,
            0,
            1,
            0
          ],
          "rotation": 0,
          "texture": "#027a45bf-7818-8d24-ee58-2e192d619dbc",
          "tintindex": 0
        },
        "north": {
          "uv": [
            0,
            0,
            1,
            0
          ],
          "rotation": 0,
          "texture": "#027a45bf-7818-8d24-ee58-2e192d619dbc",
          "tintindex": 0
        },
        "south": {
          "uv": [
            0,
            0,
            1,
            0
          ],
          "rotation": 0,
          "texture": "#027a45bf-7818-8d24-ee58-2e192d619dbc",
          "tintindex": 0
        },
        "up": {
          "uv": [
            4,
            16,
            3,
            15
          ],
          "rotation": 0,
          "texture": "#027a45bf-7818-8d24-ee58-2e192d619dbc",
          "tintindex": 0
        },
        "west": {
          "uv": [
            0,
            0,
            1,
            0
          ],
          "rotation": 0,
          "texture": "#027a45bf-7818-8d24-ee58-2e192d619dbc",
          "tintindex": 0
        }
      }
    },
    {
      "name": "cube",
      "from": [
        7.7,
        5.45,
        7.7
      ],
      "to": [
        8.3,
        7.25,
        8.3
      ],
      "rotation": {
        "angle": 0,
        "axis": "x",
        "origin": [
          6.5,
          5.45,
          6.5
        ]
      },
      "faces": {
        "down": {
          "uv": [
            1,
            15,
            0,
            16
          ],
          "rotation": 0,
          "texture": "#027a45bf-7818-8d24-ee58-2e192d619dbc",
          "tintindex": 0
        },
        "east": {
          "uv": [
            11,
            11,
            12,
            14
          ],
          "rotation": 0,
          "texture": "#027a45bf-7818-8d24-ee58-2e192d619dbc",
          "tintindex": 0
        },
        "north": {
          "uv": [
            10,
            11,
            11,
            14
          ],
          "rotation": 0,
          "texture": "#027a45bf-7818-8d24-ee58-2e192d619dbc",
          "tintindex": 0
        },
        "south": {
          "uv": [
            11,
            0,
            12,
            3
          ],
          "rotation": 0,
          "texture": "#027a45bf-7818-8d24-ee58-2e192d619dbc",
          "tintindex": 0
        },
        "up": {
          "uv": [
            15,
            14,
            14,
            13
          ],
          "rotation": 0,
          "texture": "#027a45bf-7818-8d24-ee58-2e192d619dbc",
          "tintindex": 0
        },
        "west": {
          "uv": [
            11,
            3,
            12,
            6
          ],
          "rotation": 0,
          "texture": "#027a45bf-7818-8d24-ee58-2e192d619dbc",
          "tintindex": 0
        }
      }
    }
  ],
  "display": {
    "head": {
      "translation": [
        0,
        -6.4,
        0
      ],
      "rotation": [
        0,
        0,
        0
      ],
      "scale": [
        3.8095,
        3.8095,
        3.8095
      ]
    },
    "gui": {
      "translation": [
        0,
        0,
        0
      ],
      "rotation": [
        35,
        225,
        0
      ],
      "scale": [
        0.625,
        0.625,
        0.625
      ]
    }
  }
}
