{
  "file_name": "rightwing",
  "texture_size": [
    16,
    16
  ],
  "textures": {
    "027a45bf-7818-8d24-ee58-2e192d619dbc": "modelengine:entity/flamingobaby"
  },
  "elements": [
    {
      "name": "cube",
      "from": [
        8.075,
        6.3299036,
        7.1
      ],
      "to": [
        8.675,
        8.129904,
        8.9
      ],
      "rotation": {
        "angle": 0,
        "axis": "x",
        "origin": [
          6.8,
          6.2,
          6.5
        ]
      },
      "faces": {
        "down": {
          "uv": [
            10,
            11,
            9,
            14
          ],
          "rotation": 0,
          "texture": "#027a45bf-7818-8d24-ee58-2e192d619dbc",
          "tintindex": 0
        },
        "east": {
          "uv": [
            8,
            0,
            11,
            3
          ],
          "rotation": 0,
          "texture": "#027a45bf-7818-8d24-ee58-2e192d619dbc",
          "tintindex": 0
        },
        "north": {
          "uv": [
            0,
            11,
            1,
            14
          ],
          "rotation": 0,
          "texture": "#027a45bf-7818-8d24-ee58-2e192d619dbc",
          "tintindex": 0
        },
        "south": {
          "uv": [
            1,
            11,
            2,
            14
          ],
          "rotation": 0,
          "texture": "#027a45bf-7818-8d24-ee58-2e192d619dbc",
          "tintindex": 0
        },
        "up": {
          "uv": [
            9,
            14,
            8,
            11
          ],
          "rotation": 0,
          "texture": "#027a45bf-7818-8d24-ee58-2e192d619dbc",
          "tintindex": 0
        },
        "west": {
          "uv": [
            8,
            3,
            11,
            6
          ],
          "rotation": 0,
          "texture": "#027a45bf-7818-8d24-ee58-2e192d619dbc",
          "tintindex": 0
        }
      }
    }
  ],
  "display": {
    "head": {
      "translation": [
        0,
        -6.4,
        0
      ],
      "rotation": [
        0,
        0,
        0
      ],
      "scale": [
        3.8095,
        3.8095,
        3.8095
      ]
    },
    "gui": {
      "translation": [
        0,
        0,
        0
      ],
      "rotation": [
        35,
        225,
        0
      ],
      "scale": [
        0.625,
        0.625,
        0.625
      ]
    }
  }
}
