{
  "file_name": "thehead",
  "texture_size": [
    64,
    64
  ],
  "textures": {
    "9e439774-13cc-44a5-5a7f-03b9f641fc0f": "modelengine:entity/capybara"
  },
  "elements": [
    {
      "name": "head",
      "from": [
        6.6499996,
        13.25,
        0.7999997
      ],
      "to": [
        9.35,
        16.25,
        3.1999998
      ],
      "rotation": {
        "angle": 0,
        "axis": "x",
        "origin": [
          8,
          15.650001,
          2.6
        ]
      },
      "faces": {
        "down": {
          "uv": [
            9.5,
            6.5,
            8.5,
            7.5
          ],
          "rotation": 0,
          "texture": "#9e439774-13cc-44a5-5a7f-03b9f641fc0f",
          "tintindex": 0
        },
        "east": {
          "uv": [
            6.5,
            7.5,
            7.5,
            8.75
          ],
          "rotation": 0,
          "texture": "#9e439774-13cc-44a5-5a7f-03b9f641fc0f",
          "tintindex": 0
        },
        "north": {
          "uv": [
            7.5,
            7.5,
            8.5,
            8.75
          ],
          "rotation": 0,
          "texture": "#9e439774-13cc-44a5-5a7f-03b9f641fc0f",
          "tintindex": 0
        },
        "south": {
          "uv": [
            9.5,
            7.5,
            10.5,
            8.75
          ],
          "rotation": 0,
          "texture": "#9e439774-13cc-44a5-5a7f-03b9f641fc0f",
          "tintindex": 0
        },
        "up": {
          "uv": [
            8.5,
            7.5,
            7.5,
            6.5
          ],
          "rotation": 0,
          "texture": "#9e439774-13cc-44a5-5a7f-03b9f641fc0f",
          "tintindex": 0
        },
        "west": {
          "uv": [
            8.5,
            7.5,
            9.5,
            8.75
          ],
          "rotation": 0,
          "texture": "#9e439774-13cc-44a5-5a7f-03b9f641fc0f",
          "tintindex": 0
        }
      }
    }
  ],
  "display": {
    "head": {
      "translation": [
        0,
        -6.4,
        0
      ],
      "rotation": [
        0,
        0,
        0
      ],
      "scale": [
        3.8095,
        3.8095,
        3.8095
      ]
    },
    "gui": {
      "translation": [
        0,
        0,
        0
      ],
      "rotation": [
        35,
        225,
        0
      ],
      "scale": [
        0.625,
        0.625,
        0.625
      ]
    }
  }
}
