{
  "file_name": "themouth",
  "texture_size": [
    64,
    64
  ],
  "textures": {
    "9e439774-13cc-44a5-5a7f-03b9f641fc0f": "modelengine:entity/capybara"
  },
  "elements": [
    {
      "name": "mouth",
      "from": [
        6.95,
        13.19,
        -0.9250002
      ],
      "to": [
        9.05,
        16.19,
        0.87499976
      ],
      "rotation": {
        "angle": 0,
        "axis": "x",
        "origin": [
          8,
          15.59,
          0.27499962
        ]
      },
      "faces": {
        "down": {
          "uv": [
            7.25,
            0,
            6.5,
            0.75
          ],
          "rotation": 0,
          "texture": "#9e439774-13cc-44a5-5a7f-03b9f641fc0f",
          "tintindex": 0
        },
        "east": {
          "uv": [
            5,
            0.75,
            5.75,
            2
          ],
          "rotation": 0,
          "texture": "#9e439774-13cc-44a5-5a7f-03b9f641fc0f",
          "tintindex": 0
        },
        "north": {
          "uv": [
            5.75,
            0.75,
            6.5,
            2
          ],
          "rotation": 0,
          "texture": "#9e439774-13cc-44a5-5a7f-03b9f641fc0f",
          "tintindex": 0
        },
        "south": {
          "uv": [
            7.25,
            0.75,
            8,
            2
          ],
          "rotation": 0,
          "texture": "#9e439774-13cc-44a5-5a7f-03b9f641fc0f",
          "tintindex": 0
        },
        "up": {
          "uv": [
            6.5,
            0.75,
            5.75,
            0
          ],
          "rotation": 0,
          "texture": "#9e439774-13cc-44a5-5a7f-03b9f641fc0f",
          "tintindex": 0
        },
        "west": {
          "uv": [
            6.5,
            0.75,
            7.25,
            2
          ],
          "rotation": 0,
          "texture": "#9e439774-13cc-44a5-5a7f-03b9f641fc0f",
          "tintindex": 0
        }
      }
    }
  ],
  "display": {
    "head": {
      "translation": [
        0,
        -6.4,
        0
      ],
      "rotation": [
        0,
        0,
        0
      ],
      "scale": [
        3.8095,
        3.8095,
        3.8095
      ]
    },
    "gui": {
      "translation": [
        0,
        0,
        0
      ],
      "rotation": [
        35,
        225,
        0
      ],
      "scale": [
        0.625,
        0.625,
        0.625
      ]
    }
  }
}
