{
  "file_name": "theneck",
  "texture_size": [
    64,
    64
  ],
  "textures": {
    "9e439774-13cc-44a5-5a7f-03b9f641fc0f": "modelengine:entity/capybara"
  },
  "elements": [
    {
      "name": "neck",
      "from": [
        6.95,
        11.45,
        1.0999997
      ],
      "to": [
        9.05,
        14,
        6.2
      ],
      "rotation": {
        "angle": 22.5,
        "axis": "x",
        "origin": [
          8,
          12.2,
          5.8999996
        ]
      },
      "faces": {
        "down": {
          "uv": [
            8.5,
            2,
            7.75,
            4
          ],
          "rotation": 0,
          "texture": "#9e439774-13cc-44a5-5a7f-03b9f641fc0f",
          "tintindex": 0
        },
        "east": {
          "uv": [
            5,
            4,
            7,
            5
          ],
          "rotation": 0,
          "texture": "#9e439774-13cc-44a5-5a7f-03b9f641fc0f",
          "tintindex": 0
        },
        "north": {
          "uv": [
            7,
            4,
            7.75,
            5
          ],
          "rotation": 0,
          "texture": "#9e439774-13cc-44a5-5a7f-03b9f641fc0f",
          "tintindex": 0
        },
        "south": {
          "uv": [
            9.75,
            4,
            10.5,
            5
          ],
          "rotation": 0,
          "texture": "#9e439774-13cc-44a5-5a7f-03b9f641fc0f",
          "tintindex": 0
        },
        "up": {
          "uv": [
            7.75,
            4,
            7,
            2
          ],
          "rotation": 0,
          "texture": "#9e439774-13cc-44a5-5a7f-03b9f641fc0f",
          "tintindex": 0
        },
        "west": {
          "uv": [
            7.75,
            4,
            9.75,
            5
          ],
          "rotation": 0,
          "texture": "#9e439774-13cc-44a5-5a7f-03b9f641fc0f",
          "tintindex": 0
        }
      }
    }
  ],
  "display": {
    "head": {
      "translation": [
        0,
        -6.4,
        0
      ],
      "rotation": [
        0,
        0,
        0
      ],
      "scale": [
        3.8095,
        3.8095,
        3.8095
      ]
    },
    "gui": {
      "translation": [
        0,
        0,
        0
      ],
      "rotation": [
        35,
        225,
        0
      ],
      "scale": [
        0.625,
        0.625,
        0.625
      ]
    }
  }
}
