{
  "file_name": "therightleg",
  "texture_size": [
    64,
    64
  ],
  "textures": {
    "9e439774-13cc-44a5-5a7f-03b9f641fc0f": "modelengine:entity/capybara"
  },
  "elements": [
    {
      "name": "right_leg",
      "from": [
        5.6,
        8,
        10.085001
      ],
      "to": [
        6.8,
        9.8,
        11.285001
      ],
      "rotation": {
        "angle": 0,
        "axis": "x",
        "origin": [
          6.2,
          8,
          10.085001
        ]
      },
      "faces": {
        "down": {
          "uv": [
            8,
            5.25,
            7.5,
            5.75
          ],
          "rotation": 0,
          "texture": "#9e439774-13cc-44a5-5a7f-03b9f641fc0f",
          "tintindex": 0
        },
        "east": {
          "uv": [
            6.5,
            5.75,
            7,
            6.5
          ],
          "rotation": 0,
          "texture": "#9e439774-13cc-44a5-5a7f-03b9f641fc0f",
          "tintindex": 0
        },
        "north": {
          "uv": [
            7,
            5.75,
            7.5,
            6.5
          ],
          "rotation": 0,
          "texture": "#9e439774-13cc-44a5-5a7f-03b9f641fc0f",
          "tintindex": 0
        },
        "south": {
          "uv": [
            8,
            5.75,
            8.5,
            6.5
          ],
          "rotation": 0,
          "texture": "#9e439774-13cc-44a5-5a7f-03b9f641fc0f",
          "tintindex": 0
        },
        "up": {
          "uv": [
            7.5,
            5.75,
            7,
            5.25
          ],
          "rotation": 0,
          "texture": "#9e439774-13cc-44a5-5a7f-03b9f641fc0f",
          "tintindex": 0
        },
        "west": {
          "uv": [
            7.5,
            5.75,
            8,
            6.5
          ],
          "rotation": 0,
          "texture": "#9e439774-13cc-44a5-5a7f-03b9f641fc0f",
          "tintindex": 0
        }
      }
    }
  ],
  "display": {
    "head": {
      "translation": [
        0,
        -6.4,
        0
      ],
      "rotation": [
        0,
        0,
        0
      ],
      "scale": [
        3.8095,
        3.8095,
        3.8095
      ]
    },
    "gui": {
      "translation": [
        0,
        0,
        0
      ],
      "rotation": [
        35,
        225,
        0
      ],
      "scale": [
        0.625,
        0.625,
        0.625
      ]
    }
  }
}
