{
  "file_name": "theupperrightleg",
  "texture_size": [
    64,
    64
  ],
  "textures": {
    "9e439774-13cc-44a5-5a7f-03b9f641fc0f": "modelengine:entity/capybara"
  },
  "elements": [
    {
      "name": "upper_right_leg",
      "from": [
        9.2,
        10.67,
        4.7749996
      ],
      "to": [
        10.4,
        12.47,
        6.2749996
      ],
      "rotation": {
        "angle": 0,
        "axis": "x",
        "origin": [
          9.2,
          10.67,
          5.5249996
        ]
      },
      "faces": {
        "down": {
          "uv": [
            10,
            5.25,
            9.5,
            5.75
          ],
          "rotation": 0,
          "texture": "#9e439774-13cc-44a5-5a7f-03b9f641fc0f",
          "tintindex": 0
        },
        "east": {
          "uv": [
            8.5,
            5.75,
            9,
            6.5
          ],
          "rotation": 0,
          "texture": "#9e439774-13cc-44a5-5a7f-03b9f641fc0f",
          "tintindex": 0
        },
        "north": {
          "uv": [
            9,
            5.75,
            9.5,
            6.5
          ],
          "rotation": 0,
          "texture": "#9e439774-13cc-44a5-5a7f-03b9f641fc0f",
          "tintindex": 0
        },
        "south": {
          "uv": [
            10,
            5.75,
            10.5,
            6.5
          ],
          "rotation": 0,
          "texture": "#9e439774-13cc-44a5-5a7f-03b9f641fc0f",
          "tintindex": 0
        },
        "up": {
          "uv": [
            9.5,
            5.75,
            9,
            5.25
          ],
          "rotation": 0,
          "texture": "#9e439774-13cc-44a5-5a7f-03b9f641fc0f",
          "tintindex": 0
        },
        "west": {
          "uv": [
            9.5,
            5.75,
            10,
            6.5
          ],
          "rotation": 0,
          "texture": "#9e439774-13cc-44a5-5a7f-03b9f641fc0f",
          "tintindex": 0
        }
      }
    }
  ],
  "display": {
    "head": {
      "translation": [
        0,
        -6.4,
        0
      ],
      "rotation": [
        0,
        0,
        0
      ],
      "scale": [
        3.8095,
        3.8095,
        3.8095
      ]
    },
    "gui": {
      "translation": [
        0,
        0,
        0
      ],
      "rotation": [
        35,
        225,
        0
      ],
      "scale": [
        0.625,
        0.625,
        0.625
      ]
    }
  }
}
