{"file_name":"thenose","texture_size":[64,64],"textures":{"71f742e9-27c5-157e-c71c-4cd718cb3329":"modelengine:entity/redaliveshroom"},"elements":[{"name":"nose","from":[7.7,15.8,5.1499996],"to":[8.3,16.400002,6.5],"rotation":{"angle":0,"axis":"x","origin":[7.7,15.8,5.8999996]},"faces":{"down":{"uv":[2.5,1.5,2.25,2],"rotation":0,"texture":"#71f742e9-27c5-157e-c71c-4cd718cb3329","tintindex":0},"east":{"uv":[1.5,2,2,2.25],"rotation":0,"texture":"#71f742e9-27c5-157e-c71c-4cd718cb3329","tintindex":0},"north":{"uv":[2,2,2.25,2.25],"rotation":0,"texture":"#71f742e9-27c5-157e-c71c-4cd718cb3329","tintindex":0},"south":{"uv":[2.75,2,3,2.25],"rotation":0,"texture":"#71f742e9-27c5-157e-c71c-4cd718cb3329","tintindex":0},"up":{"uv":[2.25,2,2,1.5],"rotation":0,"texture":"#71f742e9-27c5-157e-c71c-4cd718cb3329","tintindex":0},"west":{"uv":[2.25,2,2.75,2.25],"rotation":0,"texture":"#71f742e9-27c5-157e-c71c-4cd718cb3329","tintindex":0}}}],"display":{"head":{"translation":[0,-6.4,0],"rotation":[0,0,0],"scale":[3.8095,3.8095,3.8095]},"gui":{"translation":[0,0,0],"rotation":[35,225,0],"scale":[0.625,0.625,0.625]}}}
