{"file_name":"head","texture_size":[32,32],"textures":{"67d61632-f22f-a96c-428d-407f1b6bcf27":"modelengine:entity/rattler"},"elements":[{"name":"cube","from":[7.6658883,7.7,4.2068815],"to":[8.265888,8.9,5.7068815],"rotation":{"angle":0,"axis":"x","origin":[8,8,8]},"faces":{"down":{"uv":[7,10,6.5,11.5],"rotation":0,"texture":"#67d61632-f22f-a96c-428d-407f1b6bcf27","tintindex":0},"east":{"uv":[8,6,9.5,7],"rotation":0,"texture":"#67d61632-f22f-a96c-428d-407f1b6bcf27","tintindex":0},"north":{"uv":[3,10.5,3.5,11.5],"rotation":0,"texture":"#67d61632-f22f-a96c-428d-407f1b6bcf27","tintindex":0},"south":{"uv":[3.5,10.5,4,11.5],"rotation":0,"texture":"#67d61632-f22f-a96c-428d-407f1b6bcf27","tintindex":0},"up":{"uv":[4.5,11.5,4,10],"rotation":0,"texture":"#67d61632-f22f-a96c-428d-407f1b6bcf27","tintindex":0},"west":{"uv":[0,8.5,1.5,9.5],"rotation":0,"texture":"#67d61632-f22f-a96c-428d-407f1b6bcf27","tintindex":0}}},{"name":"cube","from":[6.596548,7.7,5.267542],"to":[9.326548,8.9,6.767542],"rotation":{"angle":0,"axis":"x","origin":[8,8,8]},"faces":{"down":{"uv":[7,5,4.5,6.5],"rotation":0,"texture":"#67d61632-f22f-a96c-428d-407f1b6bcf27","tintindex":0},"east":{"uv":[0,9.5,1.5,10.5],"rotation":0,"texture":"#67d61632-f22f-a96c-428d-407f1b6bcf27","tintindex":0},"north":{"uv":[3,6.5,5.5,7.5],"rotation":0,"texture":"#67d61632-f22f-a96c-428d-407f1b6bcf27","tintindex":0},"south":{"uv":[5.5,6.5,8,7.5],"rotation":0,"texture":"#67d61632-f22f-a96c-428d-407f1b6bcf27","tintindex":0},"up":{"uv":[4.5,6.5,2,5],"rotation":0,"texture":"#67d61632-f22f-a96c-428d-407f1b6bcf27","tintindex":0},"west":{"uv":[9.5,6,11,7],"rotation":0,"texture":"#67d61632-f22f-a96c-428d-407f1b6bcf27","tintindex":0}}},{"name":"cube","from":[6.8965483,7.4,6.767542],"to":[8.996549,8.6,9.1675415],"rotation":{"angle":0,"axis":"x","origin":[8,8,8]},"faces":{"down":{"uv":[6,0,4,2],"rotation":0,"texture":"#67d61632-f22f-a96c-428d-407f1b6bcf27","tintindex":0},"east":{"uv":[7.5,7.5,9.5,8.5],"rotation":0,"texture":"#67d61632-f22f-a96c-428d-407f1b6bcf27","tintindex":0},"north":{"uv":[4,3,6,4],"rotation":0,"texture":"#67d61632-f22f-a96c-428d-407f1b6bcf27","tintindex":0},"south":{"uv":[8,0,10,1],"rotation":0,"texture":"#67d61632-f22f-a96c-428d-407f1b6bcf27","tintindex":0},"up":{"uv":[2,6,0,4],"rotation":0,"texture":"#67d61632-f22f-a96c-428d-407f1b6bcf27","tintindex":0},"west":{"uv":[8,1,10,2],"rotation":0,"texture":"#67d61632-f22f-a96c-428d-407f1b6bcf27","tintindex":0}}},{"name":"cube","from":[9.670151,7.7,5.505872],"to":[10.8701515,8.9,7.005872],"rotation":{"angle":45,"axis":"y","origin":[8,8,8]},"faces":{"down":{"uv":[9.5,8.5,8.5,10],"rotation":0,"texture":"#67d61632-f22f-a96c-428d-407f1b6bcf27","tintindex":0},"east":{"uv":[8.5,4,10,5],"rotation":0,"texture":"#67d61632-f22f-a96c-428d-407f1b6bcf27","tintindex":0},"north":{"uv":[6.5,9,7.5,10],"rotation":0,"texture":"#67d61632-f22f-a96c-428d-407f1b6bcf27","tintindex":0},"south":{"uv":[10,1.5,11,2.5],"rotation":0,"texture":"#67d61632-f22f-a96c-428d-407f1b6bcf27","tintindex":0},"up":{"uv":[8.5,10,7.5,8.5],"rotation":0,"texture":"#67d61632-f22f-a96c-428d-407f1b6bcf27","tintindex":0},"west":{"uv":[8.5,5,10,6],"rotation":0,"texture":"#67d61632-f22f-a96c-428d-407f1b6bcf27","tintindex":0}}},{"name":"cube","from":[8.920151,6.5,5.0558715],"to":[10.8701515,7.7,7.005872],"rotation":{"angle":45,"axis":"y","origin":[8,8,8]},"faces":{"down":{"uv":[7.5,7.5,6,9],"rotation":0,"texture":"#67d61632-f22f-a96c-428d-407f1b6bcf27","tintindex":0},"east":{"uv":[9.5,8,11,9],"rotation":0,"texture":"#67d61632-f22f-a96c-428d-407f1b6bcf27","tintindex":0},"north":{"uv":[9.5,7,11,8],"rotation":0,"texture":"#67d61632-f22f-a96c-428d-407f1b6bcf27","tintindex":0},"south":{"uv":[9.5,9,11,10],"rotation":0,"texture":"#67d61632-f22f-a96c-428d-407f1b6bcf27","tintindex":0},"up":{"uv":[6,9,4.5,7.5],"rotation":0,"texture":"#67d61632-f22f-a96c-428d-407f1b6bcf27","tintindex":0},"west":{"uv":[10,0,11.5,1],"rotation":0,"texture":"#67d61632-f22f-a96c-428d-407f1b6bcf27","tintindex":0}}},{"name":"cube","from":[5.0816073,7.7,5.5541134],"to":[6.2816076,8.9,7.0541134],"rotation":{"angle":-45,"axis":"y","origin":[8,8,8]},"faces":{"down":{"uv":[6.5,9,5.5,10.5],"rotation":0,"texture":"#67d61632-f22f-a96c-428d-407f1b6bcf27","tintindex":0},"east":{"uv":[1.5,9,3,10],"rotation":0,"texture":"#67d61632-f22f-a96c-428d-407f1b6bcf27","tintindex":0},"north":{"uv":[10,2.5,11,3.5],"rotation":0,"texture":"#67d61632-f22f-a96c-428d-407f1b6bcf27","tintindex":0},"south":{"uv":[10,3.5,11,4.5],"rotation":0,"texture":"#67d61632-f22f-a96c-428d-407f1b6bcf27","tintindex":0},"up":{"uv":[5.5,10.5,4.5,9],"rotation":0,"texture":"#67d61632-f22f-a96c-428d-407f1b6bcf27","tintindex":0},"west":{"uv":[3,9,4.5,10],"rotation":0,"texture":"#67d61632-f22f-a96c-428d-407f1b6bcf27","tintindex":0}}}],"display":{"head":{"translation":[0,-6.4,0],"rotation":[0,0,0],"scale":[3.8095,3.8095,3.8095]},"gui":{"translation":[0,0,0],"rotation":[35,225,0],"scale":[0.625,0.625,0.625]}}}
