{
  "file_name": "frontrightleg",
  "texture_size": [
    32,
    32
  ],
  "textures": {
    "44763944-7854-5679-2c66-c16a2e518ac3": "modelengine:entity/armadillo"
  },
  "elements": [
    {
      "name": "cube",
      "from": [
        7.7495193,
        5.92132,
        6.5781765
      ],
      "to": [
        8.34952,
        6.5213203,
        8.978177
      ],
      "rotation": {
        "angle": -45,
        "axis": "x",
        "origin": [
          8.34952,
          5.672792,
          6.929649
        ]
      },
      "faces": {
        "down": {
          "uv": [
            2,
            14,
            2.5,
            16
          ],
          "rotation": 0,
          "texture": "#44763944-7854-5679-2c66-c16a2e518ac3",
          "tintindex": 0
        },
        "east": {
          "uv": [
            16,
            1,
            14,
            1.5
          ],
          "rotation": 0,
          "texture": "#44763944-7854-5679-2c66-c16a2e518ac3",
          "tintindex": 0
        },
        "north": {
          "uv": [
            5,
            14.5,
            4.5,
            15
          ],
          "rotation": 0,
          "texture": "#44763944-7854-5679-2c66-c16a2e518ac3",
          "tintindex": 0
        },
        "south": {
          "uv": [
            5.5,
            14.5,
            5,
            15
          ],
          "rotation": 0,
          "texture": "#44763944-7854-5679-2c66-c16a2e518ac3",
          "tintindex": 0
        },
        "up": {
          "uv": [
            14,
            3.5,
            14.5,
            1.5
          ],
          "rotation": 0,
          "texture": "#44763944-7854-5679-2c66-c16a2e518ac3",
          "tintindex": 0
        },
        "west": {
          "uv": [
            15,
            12,
            13,
            12.5
          ],
          "rotation": 0,
          "texture": "#44763944-7854-5679-2c66-c16a2e518ac3",
          "tintindex": 0
        }
      }
    },
    {
      "name": "cube",
      "from": [
        7.7495193,
        6.8727922,
        6.929649
      ],
      "to": [
        8.34952,
        8.072792,
        8.129649
      ],
      "rotation": {
        "angle": 0,
        "axis": "x",
        "origin": [
          8.34952,
          5.672792,
          6.929649
        ]
      },
      "faces": {
        "down": {
          "uv": [
            14,
            13.5,
            14.5,
            14.5
          ],
          "rotation": 0,
          "texture": "#44763944-7854-5679-2c66-c16a2e518ac3",
          "tintindex": 0
        },
        "east": {
          "uv": [
            2,
            14,
            1,
            15
          ],
          "rotation": 0,
          "texture": "#44763944-7854-5679-2c66-c16a2e518ac3",
          "tintindex": 0
        },
        "north": {
          "uv": [
            4,
            14,
            3.5,
            15
          ],
          "rotation": 0,
          "texture": "#44763944-7854-5679-2c66-c16a2e518ac3",
          "tintindex": 0
        },
        "south": {
          "uv": [
            14.5,
            12.5,
            14,
            13.5
          ],
          "rotation": 0,
          "texture": "#44763944-7854-5679-2c66-c16a2e518ac3",
          "tintindex": 0
        },
        "up": {
          "uv": [
            13.5,
            15,
            14,
            14
          ],
          "rotation": 0,
          "texture": "#44763944-7854-5679-2c66-c16a2e518ac3",
          "tintindex": 0
        },
        "west": {
          "uv": [
            15,
            0,
            14,
            1
          ],
          "rotation": 0,
          "texture": "#44763944-7854-5679-2c66-c16a2e518ac3",
          "tintindex": 0
        }
      }
    },
    {
      "name": "cube",
      "from": [
        7.7495193,
        5.6,
        5.905385
      ],
      "to": [
        8.34952,
        6.2,
        6.505385
      ],
      "rotation": {
        "angle": 0,
        "axis": "x",
        "origin": [
          8.34952,
          5,
          7.105385
        ]
      },
      "faces": {
        "down": {
          "uv": [
            14.5,
            7,
            15,
            7.5
          ],
          "rotation": 0,
          "texture": "#44763944-7854-5679-2c66-c16a2e518ac3",
          "tintindex": 0
        },
        "east": {
          "uv": [
            15,
            6.5,
            14.5,
            7
          ],
          "rotation": 0,
          "texture": "#44763944-7854-5679-2c66-c16a2e518ac3",
          "tintindex": 0
        },
        "north": {
          "uv": [
            6,
            14.5,
            5.5,
            15
          ],
          "rotation": 0,
          "texture": "#44763944-7854-5679-2c66-c16a2e518ac3",
          "tintindex": 0
        },
        "south": {
          "uv": [
            7,
            14.5,
            6.5,
            15
          ],
          "rotation": 0,
          "texture": "#44763944-7854-5679-2c66-c16a2e518ac3",
          "tintindex": 0
        },
        "up": {
          "uv": [
            7,
            15,
            7.5,
            14.5
          ],
          "rotation": 0,
          "texture": "#44763944-7854-5679-2c66-c16a2e518ac3",
          "tintindex": 0
        },
        "west": {
          "uv": [
            6.5,
            14.5,
            6,
            15
          ],
          "rotation": 0,
          "texture": "#44763944-7854-5679-2c66-c16a2e518ac3",
          "tintindex": 0
        }
      }
    }
  ],
  "display": {
    "head": {
      "translation": [
        0,
        -6.4,
        0
      ],
      "rotation": [
        0,
        0,
        0
      ],
      "scale": [
        3.8095,
        3.8095,
        3.8095
      ]
    },
    "gui": {
      "translation": [
        0,
        0,
        0
      ],
      "rotation": [
        35,
        225,
        0
      ],
      "scale": [
        0.625,
        0.625,
        0.625
      ]
    }
  }
}
