{"file_name":"rightbackleg","texture_size":[32,32],"textures":{"44763944-7854-5679-2c66-c16a2e518ac3":"modelengine:entity/armadillo"},"elements":[{"name":"cube","from":[7.8062463,5.92132,7.829813],"to":[8.406246,6.5213203,10.229813],"rotation":{"angle":-45,"axis":"x","origin":[8.406246,5.672792,8.181285]},"faces":{"down":{"uv":[3,14,3.5,16],"rotation":0,"texture":"#44763944-7854-5679-2c66-c16a2e518ac3","tintindex":0},"east":{"uv":[16,4,14,4.5],"rotation":0,"texture":"#44763944-7854-5679-2c66-c16a2e518ac3","tintindex":0},"north":{"uv":[8,14.5,7.5,15],"rotation":0,"texture":"#44763944-7854-5679-2c66-c16a2e518ac3","tintindex":0},"south":{"uv":[15,7.5,14.5,8],"rotation":0,"texture":"#44763944-7854-5679-2c66-c16a2e518ac3","tintindex":0},"up":{"uv":[2.5,16,3,14],"rotation":0,"texture":"#44763944-7854-5679-2c66-c16a2e518ac3","tintindex":0},"west":{"uv":[16,3.5,14,4],"rotation":0,"texture":"#44763944-7854-5679-2c66-c16a2e518ac3","tintindex":0}}},{"name":"cube","from":[7.8062463,6.5213203,9.029814],"to":[8.406246,7.1213202,10.229813],"rotation":{"angle":-45,"axis":"x","origin":[8.406246,5.672792,8.181285]},"faces":{"down":{"uv":[4,14.5,4.5,15.5],"rotation":0,"texture":"#44763944-7854-5679-2c66-c16a2e518ac3","tintindex":0},"east":{"uv":[15.5,2,14.5,2.5],"rotation":0,"texture":"#44763944-7854-5679-2c66-c16a2e518ac3","tintindex":0},"north":{"uv":[8.5,14.5,8,15],"rotation":0,"texture":"#44763944-7854-5679-2c66-c16a2e518ac3","tintindex":0},"south":{"uv":[15,8,14.5,8.5],"rotation":0,"texture":"#44763944-7854-5679-2c66-c16a2e518ac3","tintindex":0},"up":{"uv":[14.5,3.5,15,2.5],"rotation":0,"texture":"#44763944-7854-5679-2c66-c16a2e518ac3","tintindex":0},"west":{"uv":[15.5,1.5,14.5,2],"rotation":0,"texture":"#44763944-7854-5679-2c66-c16a2e518ac3","tintindex":0}}},{"name":"cube","from":[7.8062463,5.6,7.1570206],"to":[8.406246,6.2,7.757021],"rotation":{"angle":0,"axis":"x","origin":[8.406246,5,8.357021]},"faces":{"down":{"uv":[10,14.5,10.5,15],"rotation":0,"texture":"#44763944-7854-5679-2c66-c16a2e518ac3","tintindex":0},"east":{"uv":[15,9,14.5,9.5],"rotation":0,"texture":"#44763944-7854-5679-2c66-c16a2e518ac3","tintindex":0},"north":{"uv":[9,14.5,8.5,15],"rotation":0,"texture":"#44763944-7854-5679-2c66-c16a2e518ac3","tintindex":0},"south":{"uv":[9.5,14.5,9,15],"rotation":0,"texture":"#44763944-7854-5679-2c66-c16a2e518ac3","tintindex":0},"up":{"uv":[9.5,15,10,14.5],"rotation":0,"texture":"#44763944-7854-5679-2c66-c16a2e518ac3","tintindex":0},"west":{"uv":[15,8.5,14.5,9],"rotation":0,"texture":"#44763944-7854-5679-2c66-c16a2e518ac3","tintindex":0}}}],"display":{"head":{"translation":[0,-6.4,0],"rotation":[0,0,0],"scale":[3.8095,3.8095,3.8095]},"gui":{"translation":[0,0,0],"rotation":[35,225,0],"scale":[0.625,0.625,0.625]}}}
