{"file_name":"body","texture_size":[64,64],"textures":{"cdc405e9-9929-1759-7bd1-b03edcd92831":"modelengine:entity/rhino"},"elements":[{"name":"cube","from":[7.3033333,9.109094,2.5309157],"to":[8.743334,11.269094,4.1509156],"rotation":{"angle":-45,"axis":"x","origin":[8.023334,10.909094,3.3409157]},"faces":{"down":{"uv":[1.5,0,1,0.5],"rotation":0,"texture":"#cdc405e9-9929-1759-7bd1-b03edcd92831","tintindex":0},"east":{"uv":[0,0.5,0.5,1.25],"rotation":0,"texture":"#cdc405e9-9929-1759-7bd1-b03edcd92831","tintindex":0},"north":{"uv":[0.5,0.5,1,1.25],"rotation":0,"texture":"#cdc405e9-9929-1759-7bd1-b03edcd92831","tintindex":0},"south":{"uv":[1.5,0.5,2,1.25],"rotation":0,"texture":"#cdc405e9-9929-1759-7bd1-b03edcd92831","tintindex":0},"up":{"uv":[1,0.5,0.5,0],"rotation":0,"texture":"#cdc405e9-9929-1759-7bd1-b03edcd92831","tintindex":0},"west":{"uv":[1,0.5,1.5,1.25],"rotation":0,"texture":"#cdc405e9-9929-1759-7bd1-b03edcd92831","tintindex":0}}},{"name":"cube","from":[6.2233334,8.670958,3.8984723],"to":[9.823334,10.110958,6.7784724],"rotation":{"angle":0,"axis":"x","origin":[8.374698,8.43472,7.8141603]},"faces":{"down":{"uv":[8.25,2.75,6.75,3.75],"rotation":0,"texture":"#cdc405e9-9929-1759-7bd1-b03edcd92831","tintindex":0},"east":{"uv":[4.25,3.75,5.25,4.25],"rotation":0,"texture":"#cdc405e9-9929-1759-7bd1-b03edcd92831","tintindex":0},"north":{"uv":[5.25,3.75,6.75,4.25],"rotation":0,"texture":"#cdc405e9-9929-1759-7bd1-b03edcd92831","tintindex":0},"south":{"uv":[7.75,3.75,9.25,4.25],"rotation":0,"texture":"#cdc405e9-9929-1759-7bd1-b03edcd92831","tintindex":0},"up":{"uv":[6.75,3.75,5.25,2.75],"rotation":0,"texture":"#cdc405e9-9929-1759-7bd1-b03edcd92831","tintindex":0},"west":{"uv":[6.75,3.75,7.75,4.25],"rotation":0,"texture":"#cdc405e9-9929-1759-7bd1-b03edcd92831","tintindex":0}}},{"name":"cube","from":[5.8633327,7.2309575,6.7784724],"to":[10.0633335,8.730958,11.878472],"rotation":{"angle":0,"axis":"x","origin":[8.374698,8.43472,7.8141603]},"faces":{"down":{"uv":[5.5,0,3.75,2],"rotation":0,"texture":"#cdc405e9-9929-1759-7bd1-b03edcd92831","tintindex":0},"east":{"uv":[0,2,2,2.5],"rotation":0,"texture":"#cdc405e9-9929-1759-7bd1-b03edcd92831","tintindex":0},"north":{"uv":[2,2,3.75,2.5],"rotation":0,"texture":"#cdc405e9-9929-1759-7bd1-b03edcd92831","tintindex":0},"south":{"uv":[5.75,2,7.5,2.5],"rotation":0,"texture":"#cdc405e9-9929-1759-7bd1-b03edcd92831","tintindex":0},"up":{"uv":[3.75,2,2,0],"rotation":0,"texture":"#cdc405e9-9929-1759-7bd1-b03edcd92831","tintindex":0},"west":{"uv":[3.75,2,5.75,2.5],"rotation":0,"texture":"#cdc405e9-9929-1759-7bd1-b03edcd92831","tintindex":0}}},{"name":"cube","from":[6.2233334,7.2309575,4.618472],"to":[9.823334,8.670958,6.7784724],"rotation":{"angle":0,"axis":"x","origin":[8.374698,8.43472,7.8141603]},"faces":{"down":{"uv":[10.75,7,9.25,7.75],"rotation":0,"texture":"#cdc405e9-9929-1759-7bd1-b03edcd92831","tintindex":0},"east":{"uv":[7,7.75,7.75,8.25],"rotation":0,"texture":"#cdc405e9-9929-1759-7bd1-b03edcd92831","tintindex":0},"north":{"uv":[7.75,7.75,9.25,8.25],"rotation":0,"texture":"#cdc405e9-9929-1759-7bd1-b03edcd92831","tintindex":0},"south":{"uv":[10,7.75,11.5,8.25],"rotation":0,"texture":"#cdc405e9-9929-1759-7bd1-b03edcd92831","tintindex":0},"up":{"uv":[9.25,7.75,7.75,7],"rotation":0,"texture":"#cdc405e9-9929-1759-7bd1-b03edcd92831","tintindex":0},"west":{"uv":[9.25,7.75,10,8.25],"rotation":0,"texture":"#cdc405e9-9929-1759-7bd1-b03edcd92831","tintindex":0}}},{"name":"cube","from":[7.6633334,9.829094,2.8909154],"to":[8.263333,13.429094,3.7909157],"rotation":{"angle":-45,"axis":"x","origin":[8.023334,10.909094,3.3409157]},"faces":{"down":{"uv":[0.75,5,0.5,5.25],"rotation":0,"texture":"#cdc405e9-9929-1759-7bd1-b03edcd92831","tintindex":0},"east":{"uv":[0,5.25,0.25,6.75],"rotation":0,"texture":"#cdc405e9-9929-1759-7bd1-b03edcd92831","tintindex":0},"north":{"uv":[0.25,5.25,0.5,6.75],"rotation":0,"texture":"#cdc405e9-9929-1759-7bd1-b03edcd92831","tintindex":0},"south":{"uv":[0.75,5.25,1,6.75],"rotation":0,"texture":"#cdc405e9-9929-1759-7bd1-b03edcd92831","tintindex":0},"up":{"uv":[0.5,5.25,0.25,5],"rotation":0,"texture":"#cdc405e9-9929-1759-7bd1-b03edcd92831","tintindex":0},"west":{"uv":[0.5,5.25,0.75,6.75],"rotation":0,"texture":"#cdc405e9-9929-1759-7bd1-b03edcd92831","tintindex":0}}},{"name":"cube","from":[7.6633334,12.409202,-0.28279567],"to":[8.263333,13.009202,1.8772047],"rotation":{"angle":0,"axis":"x","origin":[8.374698,8.624132,7.8293605]},"faces":{"down":{"uv":[1.25,2.5,1,3.25],"rotation":0,"texture":"#cdc405e9-9929-1759-7bd1-b03edcd92831","tintindex":0},"east":{"uv":[0,3.25,0.75,3.5],"rotation":0,"texture":"#cdc405e9-9929-1759-7bd1-b03edcd92831","tintindex":0},"north":{"uv":[0.75,3.25,1,3.5],"rotation":0,"texture":"#cdc405e9-9929-1759-7bd1-b03edcd92831","tintindex":0},"south":{"uv":[1.75,3.25,2,3.5],"rotation":0,"texture":"#cdc405e9-9929-1759-7bd1-b03edcd92831","tintindex":0},"up":{"uv":[1,3.25,0.75,2.5],"rotation":0,"texture":"#cdc405e9-9929-1759-7bd1-b03edcd92831","tintindex":0},"west":{"uv":[1,3.25,1.75,3.5],"rotation":0,"texture":"#cdc405e9-9929-1759-7bd1-b03edcd92831","tintindex":0}}},{"name":"cube","from":[7.6633334,12.161073,-1.5302229],"to":[8.263333,12.761073,-0.0902226],"rotation":{"angle":-22.5,"axis":"x","origin":[8.023334,12.521073,-0.8102226]},"faces":{"down":{"uv":[6.5,1,6.25,1.5],"rotation":0,"texture":"#cdc405e9-9929-1759-7bd1-b03edcd92831","tintindex":0},"east":{"uv":[5.5,1.5,6,1.75],"rotation":0,"texture":"#cdc405e9-9929-1759-7bd1-b03edcd92831","tintindex":0},"north":{"uv":[6,1.5,6.25,1.75],"rotation":0,"texture":"#cdc405e9-9929-1759-7bd1-b03edcd92831","tintindex":0},"south":{"uv":[6.75,1.5,7,1.75],"rotation":0,"texture":"#cdc405e9-9929-1759-7bd1-b03edcd92831","tintindex":0},"up":{"uv":[6.25,1.5,6,1],"rotation":0,"texture":"#cdc405e9-9929-1759-7bd1-b03edcd92831","tintindex":0},"west":{"uv":[6.25,1.5,6.75,1.75],"rotation":0,"texture":"#cdc405e9-9929-1759-7bd1-b03edcd92831","tintindex":0}}},{"name":"cube","from":[6.583333,8.670958,6.7784724],"to":[9.463333,9.7509575,11.818473],"rotation":{"angle":0,"axis":"x","origin":[8.374698,8.43472,7.8141603]},"faces":{"down":{"uv":[9.5,0.5,8.5,2.5],"rotation":0,"texture":"#cdc405e9-9929-1759-7bd1-b03edcd92831","tintindex":0},"east":{"uv":[5.5,2.5,7.5,2.75],"rotation":0,"texture":"#cdc405e9-9929-1759-7bd1-b03edcd92831","tintindex":0},"north":{"uv":[7.5,2.5,8.5,2.75],"rotation":0,"texture":"#cdc405e9-9929-1759-7bd1-b03edcd92831","tintindex":0},"south":{"uv":[10.5,2.5,11.5,2.75],"rotation":0,"texture":"#cdc405e9-9929-1759-7bd1-b03edcd92831","tintindex":0},"up":{"uv":[8.5,2.5,7.5,0.5],"rotation":0,"texture":"#cdc405e9-9929-1759-7bd1-b03edcd92831","tintindex":0},"west":{"uv":[8.5,2.5,10.5,2.75],"rotation":0,"texture":"#cdc405e9-9929-1759-7bd1-b03edcd92831","tintindex":0}}}],"display":{"head":{"translation":[0,-6.4,0],"rotation":[0,0,0],"scale":[3.8095,3.8095,3.8095]},"gui":{"translation":[0,0,0],"rotation":[35,225,0],"scale":[0.625,0.625,0.625]}}}
