{
  "file_name": "head",
  "texture_size": [
    64,
    64
  ],
  "textures": {
    "cdc405e9-9929-1759-7bd1-b03edcd92831": "modelengine:entity/rhino"
  },
  "elements": [
    {
      "name": "cube",
      "from": [
        7.64,
        7.6772904,
        4.095809
      ],
      "to": [
        8.24,
        8.27729,
        6.975809
      ],
      "rotation": {
        "angle": 0,
        "axis": "x",
        "origin": [
          8.351364,
          8.161053,
          11.611498
        ]
      },
      "faces": {
        "down": {
          "uv": [
            5,
            5,
            4.75,
            6
          ],
          "rotation": 0,
          "texture": "#cdc405e9-9929-1759-7bd1-b03edcd92831",
          "tintindex": 0
        },
        "east": {
          "uv": [
            3.5,
            6,
            4.5,
            6.25
          ],
          "rotation": 0,
          "texture": "#cdc405e9-9929-1759-7bd1-b03edcd92831",
          "tintindex": 0
        },
        "north": {
          "uv": [
            4.5,
            6,
            4.75,
            6.25
          ],
          "rotation": 0,
          "texture": "#cdc405e9-9929-1759-7bd1-b03edcd92831",
          "tintindex": 0
        },
        "south": {
          "uv": [
            5.75,
            6,
            6,
            6.25
          ],
          "rotation": 0,
          "texture": "#cdc405e9-9929-1759-7bd1-b03edcd92831",
          "tintindex": 0
        },
        "up": {
          "uv": [
            4.75,
            6,
            4.5,
            5
          ],
          "rotation": 0,
          "texture": "#cdc405e9-9929-1759-7bd1-b03edcd92831",
          "tintindex": 0
        },
        "west": {
          "uv": [
            4.75,
            6,
            5.75,
            6.25
          ],
          "rotation": 0,
          "texture": "#cdc405e9-9929-1759-7bd1-b03edcd92831",
          "tintindex": 0
        }
      }
    },
    {
      "name": "cube",
      "from": [
        7.64,
        7.9254193,
        2.8483818
      ],
      "to": [
        8.24,
        8.525419,
        4.2883816
      ],
      "rotation": {
        "angle": 22.5,
        "axis": "x",
        "origin": [
          8,
          8.285419,
          3.5683818
        ]
      },
      "faces": {
        "down": {
          "uv": [
            6,
            5,
            5.75,
            5.5
          ],
          "rotation": 0,
          "texture": "#cdc405e9-9929-1759-7bd1-b03edcd92831",
          "tintindex": 0
        },
        "east": {
          "uv": [
            5,
            5.5,
            5.5,
            5.75
          ],
          "rotation": 0,
          "texture": "#cdc405e9-9929-1759-7bd1-b03edcd92831",
          "tintindex": 0
        },
        "north": {
          "uv": [
            5.5,
            5.5,
            5.75,
            5.75
          ],
          "rotation": 0,
          "texture": "#cdc405e9-9929-1759-7bd1-b03edcd92831",
          "tintindex": 0
        },
        "south": {
          "uv": [
            6.25,
            5.5,
            6.5,
            5.75
          ],
          "rotation": 0,
          "texture": "#cdc405e9-9929-1759-7bd1-b03edcd92831",
          "tintindex": 0
        },
        "up": {
          "uv": [
            5.75,
            5.5,
            5.5,
            5
          ],
          "rotation": 0,
          "texture": "#cdc405e9-9929-1759-7bd1-b03edcd92831",
          "tintindex": 0
        },
        "west": {
          "uv": [
            5.75,
            5.5,
            6.25,
            5.75
          ],
          "rotation": 0,
          "texture": "#cdc405e9-9929-1759-7bd1-b03edcd92831",
          "tintindex": 0
        }
      }
    },
    {
      "name": "cube",
      "from": [
        6.92,
        6.9572906,
        6.975809
      ],
      "to": [
        9.08,
        8.39729,
        8.41581
      ],
      "rotation": {
        "angle": 0,
        "axis": "x",
        "origin": [
          8.351364,
          8.161053,
          11.611498
        ]
      },
      "faces": {
        "down": {
          "uv": [
            2,
            7.75,
            1.25,
            8.25
          ],
          "rotation": 0,
          "texture": "#cdc405e9-9929-1759-7bd1-b03edcd92831",
          "tintindex": 0
        },
        "east": {
          "uv": [
            0,
            8.25,
            0.5,
            8.75
          ],
          "rotation": 0,
          "texture": "#cdc405e9-9929-1759-7bd1-b03edcd92831",
          "tintindex": 0
        },
        "north": {
          "uv": [
            0.5,
            8.25,
            1.25,
            8.75
          ],
          "rotation": 0,
          "texture": "#cdc405e9-9929-1759-7bd1-b03edcd92831",
          "tintindex": 0
        },
        "south": {
          "uv": [
            1.75,
            8.25,
            2.5,
            8.75
          ],
          "rotation": 0,
          "texture": "#cdc405e9-9929-1759-7bd1-b03edcd92831",
          "tintindex": 0
        },
        "up": {
          "uv": [
            1.25,
            8.25,
            0.5,
            7.75
          ],
          "rotation": 0,
          "texture": "#cdc405e9-9929-1759-7bd1-b03edcd92831",
          "tintindex": 0
        },
        "west": {
          "uv": [
            1.25,
            8.25,
            1.75,
            8.75
          ],
          "rotation": 0,
          "texture": "#cdc405e9-9929-1759-7bd1-b03edcd92831",
          "tintindex": 0
        }
      }
    }
  ],
  "display": {
    "head": {
      "translation": [
        0,
        -6.4,
        0
      ],
      "rotation": [
        0,
        0,
        0
      ],
      "scale": [
        3.8095,
        3.8095,
        3.8095
      ]
    },
    "gui": {
      "translation": [
        0,
        0,
        0
      ],
      "rotation": [
        35,
        225,
        0
      ],
      "scale": [
        0.625,
        0.625,
        0.625
      ]
    }
  }
}
