{
  "file_name": "rightwing",
  "texture_size": [
    64,
    64
  ],
  "textures": {
    "cdc405e9-9929-1759-7bd1-b03edcd92831": "modelengine:entity/rhino"
  },
  "elements": [
    {
      "name": "cube",
      "from": [
        5.3599997,
        8.33,
        8.12
      ],
      "to": [
        8.24,
        8.33,
        13.88
      ],
      "rotation": {
        "angle": 0,
        "axis": "x",
        "origin": [
          7.5286355,
          8.686238,
          8.555688
        ]
      },
      "faces": {
        "down": {
          "uv": [
            3.25,
            2.5,
            2.25,
            4.75
          ],
          "rotation": 0,
          "texture": "#cdc405e9-9929-1759-7bd1-b03edcd92831",
          "tintindex": 0
        },
        "east": {
          "uv": [
            0,
            5,
            2.25,
            4.75
          ],
          "rotation": 0,
          "texture": "#cdc405e9-9929-1759-7bd1-b03edcd92831",
          "tintindex": 0
        },
        "north": {
          "uv": [
            2.25,
            5,
            3.25,
            4.75
          ],
          "rotation": 0,
          "texture": "#cdc405e9-9929-1759-7bd1-b03edcd92831",
          "tintindex": 0
        },
        "south": {
          "uv": [
            5.5,
            5,
            6.5,
            4.75
          ],
          "rotation": 0,
          "texture": "#cdc405e9-9929-1759-7bd1-b03edcd92831",
          "tintindex": 0
        },
        "up": {
          "uv": [
            3.25,
            4.75,
            2.25,
            2.5
          ],
          "rotation": 0,
          "texture": "#cdc405e9-9929-1759-7bd1-b03edcd92831",
          "tintindex": 0
        },
        "west": {
          "uv": [
            3.25,
            5,
            5.5,
            4.75
          ],
          "rotation": 0,
          "texture": "#cdc405e9-9929-1759-7bd1-b03edcd92831",
          "tintindex": 0
        }
      }
    }
  ],
  "display": {
    "head": {
      "translation": [
        0,
        -6.4,
        0
      ],
      "rotation": [
        0,
        0,
        0
      ],
      "scale": [
        3.8095,
        3.8095,
        3.8095
      ]
    },
    "gui": {
      "translation": [
        0,
        0,
        0
      ],
      "rotation": [
        35,
        225,
        0
      ],
      "scale": [
        0.625,
        0.625,
        0.625
      ]
    }
  }
}
