{"file_name":"top","texture_size":[64,64],"textures":{"d1f765ac-08d9-4b45-bced-96d4248bee63":"modelengine:entity/giantclam"},"elements":[{"name":"cube","from":[8.681818,10.931818,5.6],"to":[13.481818,10.931818,10.4],"rotation":{"angle":0,"axis":"x","origin":[15.606409,6.94534,8]},"faces":{"down":{"uv":[11,9,9,11],"rotation":0,"texture":"#d1f765ac-08d9-4b45-bced-96d4248bee63","tintindex":0},"east":{"uv":[0,0,2,0],"rotation":0,"texture":"#d1f765ac-08d9-4b45-bced-96d4248bee63","tintindex":0},"north":{"uv":[0,0,2,0],"rotation":0,"texture":"#d1f765ac-08d9-4b45-bced-96d4248bee63","tintindex":0},"south":{"uv":[0,0,2,0],"rotation":0,"texture":"#d1f765ac-08d9-4b45-bced-96d4248bee63","tintindex":0},"up":{"uv":[10,8,8,6],"rotation":0,"texture":"#d1f765ac-08d9-4b45-bced-96d4248bee63","tintindex":0},"west":{"uv":[0,0,2,0],"rotation":0,"texture":"#d1f765ac-08d9-4b45-bced-96d4248bee63","tintindex":0}}},{"name":"cube","from":[16.48182,7.931818,3.1999998],"to":[16.48182,9.731819,12.8],"rotation":{"angle":0,"axis":"x","origin":[15.606409,6.94534,8]},"faces":{"down":{"uv":[0,0,0,4],"rotation":0,"texture":"#d1f765ac-08d9-4b45-bced-96d4248bee63","tintindex":0},"east":{"uv":[11,10,15,10.75],"rotation":0,"texture":"#d1f765ac-08d9-4b45-bced-96d4248bee63","tintindex":0},"north":{"uv":[0,0,0,0.75],"rotation":0,"texture":"#d1f765ac-08d9-4b45-bced-96d4248bee63","tintindex":0},"south":{"uv":[0,0,0,0.75],"rotation":0,"texture":"#d1f765ac-08d9-4b45-bced-96d4248bee63","tintindex":0},"up":{"uv":[0,4,0,0],"rotation":0,"texture":"#d1f765ac-08d9-4b45-bced-96d4248bee63","tintindex":0},"west":{"uv":[11.25,5,15.25,5.75],"rotation":0,"texture":"#d1f765ac-08d9-4b45-bced-96d4248bee63","tintindex":0}}},{"name":"cube","from":[8.081819,7.931818,5],"to":[8.081819,9.731819,11],"rotation":{"angle":0,"axis":"x","origin":[15.606409,6.94534,8]},"faces":{"down":{"uv":[0,0,0,2.5],"rotation":0,"texture":"#d1f765ac-08d9-4b45-bced-96d4248bee63","tintindex":0},"east":{"uv":[6.5,12,9,12.75],"rotation":0,"texture":"#d1f765ac-08d9-4b45-bced-96d4248bee63","tintindex":0},"north":{"uv":[0,0,0,0.75],"rotation":0,"texture":"#d1f765ac-08d9-4b45-bced-96d4248bee63","tintindex":0},"south":{"uv":[0,0,0,0.75],"rotation":0,"texture":"#d1f765ac-08d9-4b45-bced-96d4248bee63","tintindex":0},"up":{"uv":[0,2.5,0,0],"rotation":0,"texture":"#d1f765ac-08d9-4b45-bced-96d4248bee63","tintindex":0},"west":{"uv":[12,0,14.5,0.75],"rotation":0,"texture":"#d1f765ac-08d9-4b45-bced-96d4248bee63","tintindex":0}}},{"name":"cube","from":[11.081819,7.931818,12.8],"to":[16.48182,9.731819,12.8],"rotation":{"angle":0,"axis":"x","origin":[15.606409,6.94534,8]},"faces":{"down":{"uv":[2.25,0,0,0],"rotation":0,"texture":"#d1f765ac-08d9-4b45-bced-96d4248bee63","tintindex":0},"east":{"uv":[0,0,0,0.75],"rotation":0,"texture":"#d1f765ac-08d9-4b45-bced-96d4248bee63","tintindex":0},"north":{"uv":[12,0.75,14.25,1.5],"rotation":0,"texture":"#d1f765ac-08d9-4b45-bced-96d4248bee63","tintindex":0},"south":{"uv":[12.25,1.5,14.5,2.25],"rotation":0,"texture":"#d1f765ac-08d9-4b45-bced-96d4248bee63","tintindex":0},"up":{"uv":[2.25,0,0,0],"rotation":0,"texture":"#d1f765ac-08d9-4b45-bced-96d4248bee63","tintindex":0},"west":{"uv":[0,0,0,0.75],"rotation":0,"texture":"#d1f765ac-08d9-4b45-bced-96d4248bee63","tintindex":0}}},{"name":"cube","from":[8.081819,7.931818,11],"to":[11.081819,9.731819,11],"rotation":{"angle":0,"axis":"x","origin":[15.606409,6.94534,8]},"faces":{"down":{"uv":[1.25,0,0,0],"rotation":0,"texture":"#d1f765ac-08d9-4b45-bced-96d4248bee63","tintindex":0},"east":{"uv":[0,0,0,0.75],"rotation":0,"texture":"#d1f765ac-08d9-4b45-bced-96d4248bee63","tintindex":0},"north":{"uv":[12.75,14,14,14.75],"rotation":0,"texture":"#d1f765ac-08d9-4b45-bced-96d4248bee63","tintindex":0},"south":{"uv":[14,14,15.25,14.75],"rotation":0,"texture":"#d1f765ac-08d9-4b45-bced-96d4248bee63","tintindex":0},"up":{"uv":[1.25,0,0,0],"rotation":0,"texture":"#d1f765ac-08d9-4b45-bced-96d4248bee63","tintindex":0},"west":{"uv":[0,0,0,0.75],"rotation":0,"texture":"#d1f765ac-08d9-4b45-bced-96d4248bee63","tintindex":0}}},{"name":"cube","from":[8.081819,7.931818,5],"to":[11.081819,9.731819,5],"rotation":{"angle":0,"axis":"x","origin":[15.606409,6.94534,8]},"faces":{"down":{"uv":[1.25,0,0,0],"rotation":0,"texture":"#d1f765ac-08d9-4b45-bced-96d4248bee63","tintindex":0},"east":{"uv":[0,0,0,0.75],"rotation":0,"texture":"#d1f765ac-08d9-4b45-bced-96d4248bee63","tintindex":0},"north":{"uv":[14,10.75,15.25,11.5],"rotation":0,"texture":"#d1f765ac-08d9-4b45-bced-96d4248bee63","tintindex":0},"south":{"uv":[5,14.25,6.25,15],"rotation":0,"texture":"#d1f765ac-08d9-4b45-bced-96d4248bee63","tintindex":0},"up":{"uv":[1.25,0,0,0],"rotation":0,"texture":"#d1f765ac-08d9-4b45-bced-96d4248bee63","tintindex":0},"west":{"uv":[0,0,0,0.75],"rotation":0,"texture":"#d1f765ac-08d9-4b45-bced-96d4248bee63","tintindex":0}}},{"name":"cube","from":[11.081819,7.931818,3.1999998],"to":[16.48182,9.731819,3.1999998],"rotation":{"angle":0,"axis":"x","origin":[15.606409,6.94534,8]},"faces":{"down":{"uv":[2.25,0,0,0],"rotation":0,"texture":"#d1f765ac-08d9-4b45-bced-96d4248bee63","tintindex":0},"east":{"uv":[0,0,0,0.75],"rotation":0,"texture":"#d1f765ac-08d9-4b45-bced-96d4248bee63","tintindex":0},"north":{"uv":[12.25,2.25,14.5,3],"rotation":0,"texture":"#d1f765ac-08d9-4b45-bced-96d4248bee63","tintindex":0},"south":{"uv":[12.25,3,14.5,3.75],"rotation":0,"texture":"#d1f765ac-08d9-4b45-bced-96d4248bee63","tintindex":0},"up":{"uv":[2.25,0,0,0],"rotation":0,"texture":"#d1f765ac-08d9-4b45-bced-96d4248bee63","tintindex":0},"west":{"uv":[0,0,0,0.75],"rotation":0,"texture":"#d1f765ac-08d9-4b45-bced-96d4248bee63","tintindex":0}}},{"name":"cube","from":[11.081819,7.931818,3.1999998],"to":[11.081819,9.731819,5],"rotation":{"angle":0,"axis":"x","origin":[15.606409,6.94534,8]},"faces":{"down":{"uv":[0,0,0,0.75],"rotation":0,"texture":"#d1f765ac-08d9-4b45-bced-96d4248bee63","tintindex":0},"east":{"uv":[14.25,8.75,15,9.5],"rotation":0,"texture":"#d1f765ac-08d9-4b45-bced-96d4248bee63","tintindex":0},"north":{"uv":[0,0,0,0.75],"rotation":0,"texture":"#d1f765ac-08d9-4b45-bced-96d4248bee63","tintindex":0},"south":{"uv":[0,0,0,0.75],"rotation":0,"texture":"#d1f765ac-08d9-4b45-bced-96d4248bee63","tintindex":0},"up":{"uv":[0,0.75,0,0],"rotation":0,"texture":"#d1f765ac-08d9-4b45-bced-96d4248bee63","tintindex":0},"west":{"uv":[0,14.5,0.75,15.25],"rotation":0,"texture":"#d1f765ac-08d9-4b45-bced-96d4248bee63","tintindex":0}}},{"name":"cube","from":[11.081819,7.931818,11],"to":[11.081819,9.731819,12.8],"rotation":{"angle":0,"axis":"x","origin":[15.606409,6.94534,8]},"faces":{"down":{"uv":[0,0,0,0.75],"rotation":0,"texture":"#d1f765ac-08d9-4b45-bced-96d4248bee63","tintindex":0},"east":{"uv":[0.75,14.5,1.5,15.25],"rotation":0,"texture":"#d1f765ac-08d9-4b45-bced-96d4248bee63","tintindex":0},"north":{"uv":[0,0,0,0.75],"rotation":0,"texture":"#d1f765ac-08d9-4b45-bced-96d4248bee63","tintindex":0},"south":{"uv":[0,0,0,0.75],"rotation":0,"texture":"#d1f765ac-08d9-4b45-bced-96d4248bee63","tintindex":0},"up":{"uv":[0,0.75,0,0],"rotation":0,"texture":"#d1f765ac-08d9-4b45-bced-96d4248bee63","tintindex":0},"west":{"uv":[1.5,14.5,2.25,15.25],"rotation":0,"texture":"#d1f765ac-08d9-4b45-bced-96d4248bee63","tintindex":0}}},{"name":"cube","from":[11.081819,9.731819,3.1999998],"to":[16.48182,9.731819,12.8],"rotation":{"angle":0,"axis":"x","origin":[15.606409,6.94534,8]},"faces":{"down":{"uv":[6.75,8,9,12],"rotation":0,"texture":"#d1f765ac-08d9-4b45-bced-96d4248bee63","tintindex":0},"east":{"uv":[0,0,4,0],"rotation":0,"texture":"#d1f765ac-08d9-4b45-bced-96d4248bee63","tintindex":0},"north":{"uv":[0,0,2.25,0],"rotation":0,"texture":"#d1f765ac-08d9-4b45-bced-96d4248bee63","tintindex":0},"south":{"uv":[0,0,2.25,0],"rotation":0,"texture":"#d1f765ac-08d9-4b45-bced-96d4248bee63","tintindex":0},"up":{"uv":[6.75,12,4.5,8],"rotation":0,"texture":"#d1f765ac-08d9-4b45-bced-96d4248bee63","tintindex":0},"west":{"uv":[0,0,4,0],"rotation":0,"texture":"#d1f765ac-08d9-4b45-bced-96d4248bee63",