{"file_name":"bone3","texture_size":[64,64],"textures":{"03030dc4-e541-a1c0-3be3-d3781283a5ff":"modelengine:entity/hermit"},"elements":[{"name":"cube","from":[12.289829,2.7174168,6.9001603],"to":[14.68983,6.317417,8.100161],"rotation":{"angle":0,"axis":"x","origin":[12.289829,4.5174165,7.50016]},"faces":{"down":{"uv":[6.5,5,7.5,5.5],"rotation":0,"texture":"#03030dc4-e541-a1c0-3be3-d3781283a5ff","tintindex":0},"east":{"uv":[6,6.25,6.5,7.75],"rotation":0,"texture":"#03030dc4-e541-a1c0-3be3-d3781283a5ff","tintindex":0},"north":{"uv":[0,5.25,1,6.75],"rotation":0,"texture":"#03030dc4-e541-a1c0-3be3-d3781283a5ff","tintindex":0},"south":{"uv":[1,5.25,2,6.75],"rotation":0,"texture":"#03030dc4-e541-a1c0-3be3-d3781283a5ff","tintindex":0},"up":{"uv":[6.5,4.5,7.5,5],"rotation":0,"texture":"#03030dc4-e541-a1c0-3be3-d3781283a5ff","tintindex":0},"west":{"uv":[6.5,6.5,7,8],"rotation":0,"texture":"#03030dc4-e541-a1c0-3be3-d3781283a5ff","tintindex":0}}}],"display":{"head":{"translation":[0,-6.4,0],"rotation":[0,0,0],"scale":[3.8095,3.8095,3.8095]},"gui":{"translation":[0,0,0],"rotation":[35,225,0],"scale":[0.625,0.625,0.625]}}}
