{"file_name":"bone2","texture_size":[64,64],"textures":{"03030dc4-e541-a1c0-3be3-d3781283a5ff":"modelengine:entity/hermit"},"elements":[{"name":"cube","from":[1.2936956,5.3225136,6.1681376],"to":[3.693696,8.922514,7.368138],"rotation":{"angle":0,"axis":"x","origin":[4.1955996,7.0659733,6.8665266]},"faces":{"down":{"uv":[6.5,6,7.5,6.5],"rotation":0,"texture":"#03030dc4-e541-a1c0-3be3-d3781283a5ff","tintindex":0},"east":{"uv":[3.5,6,4,7.5],"rotation":0,"texture":"#03030dc4-e541-a1c0-3be3-d3781283a5ff","tintindex":0},"north":{"uv":[4,1.25,5,2.75],"rotation":0,"texture":"#03030dc4-e541-a1c0-3be3-d3781283a5ff","tintindex":0},"south":{"uv":[2,4.5,3,6],"rotation":0,"texture":"#03030dc4-e541-a1c0-3be3-d3781283a5ff","tintindex":0},"up":{"uv":[6.5,4.5,7.5,5],"rotation":0,"texture":"#03030dc4-e541-a1c0-3be3-d3781283a5ff","tintindex":0},"west":{"uv":[6,3.5,6.5,5],"rotation":0,"texture":"#03030dc4-e541-a1c0-3be3-d3781283a5ff","tintindex":0}}}],"display":{"head":{"translation":[0,-6.4,0],"rotation":[0,0,0],"scale":[3.8095,3.8095,3.8095]},"gui":{"translation":[0,0,0],"rotation":[35,225,0],"scale":[0.625,0.625,0.625]}}}
