{"file_name":"bone","texture_size":[64,64],"textures":{"03030dc4-e541-a1c0-3be3-d3781283a5ff":"modelengine:entity/hermit"},"elements":[{"name":"cube","from":[6.95,4.335259,4.4171853],"to":[7.55,7.335259,5.017185],"rotation":{"angle":-22.5,"axis":"x","origin":[6.8,9.2,5]},"faces":{"down":{"uv":[5,3.75,5.25,4],"rotation":0,"texture":"#03030dc4-e541-a1c0-3be3-d3781283a5ff","tintindex":0},"east":{"uv":[4.75,7,5,8.25],"rotation":0,"texture":"#03030dc4-e541-a1c0-3be3-d3781283a5ff","tintindex":0},"north":{"uv":[4.5,7,4.75,8.25],"rotation":0,"texture":"#03030dc4-e541-a1c0-3be3-d3781283a5ff","tintindex":0},"south":{"uv":[5,7,5.25,8.25],"rotation":0,"texture":"#03030dc4-e541-a1c0-3be3-d3781283a5ff","tintindex":0},"up":{"uv":[4.5,4.5,4.75,4.75],"rotation":0,"texture":"#03030dc4-e541-a1c0-3be3-d3781283a5ff","tintindex":0},"west":{"uv":[5.25,7,5.5,8.25],"rotation":0,"texture":"#03030dc4-e541-a1c0-3be3-d3781283a5ff","tintindex":0}}},{"name":"cube","from":[8.45,4.3221855,4.2677565],"to":[9.05,7.3221855,4.8677564],"rotation":{"angle":-22.5,"axis":"x","origin":[8.6,9.2,5]},"faces":{"down":{"uv":[4.5,3.75,4.75,4],"rotation":0,"texture":"#03030dc4-e541-a1c0-3be3-d3781283a5ff","tintindex":0},"east":{"uv":[1.75,6.75,2,8],"rotation":0,"texture":"#03030dc4-e541-a1c0-3be3-d3781283a5ff","tintindex":0},"north":{"uv":[1.5,6.75,1.75,8],"rotation":0,"texture":"#03030dc4-e541-a1c0-3be3-d3781283a5ff","tintindex":0},"south":{"uv":[4,7,4.25,8.25],"rotation":0,"texture":"#03030dc4-e541-a1c0-3be3-d3781283a5ff","tintindex":0},"up":{"uv":[4.5,4.5,4.75,4.75],"rotation":0,"texture":"#03030dc4-e541-a1c0-3be3-d3781283a5ff","tintindex":0},"west":{"uv":[4.25,7,4.5,8.25],"rotation":0,"texture":"#03030dc4-e541-a1c0-3be3-d3781283a5ff","tintindex":0}}},{"name":"cube","from":[6.8,3.811416,5.8614674],"to":[9.2,5.611416,9.461468],"rotation":{"angle":-22.5,"axis":"x","origin":[7.4,6.8,8]},"faces":{"down":{"uv":[5,1.25,6,2.75],"rotation":0,"texture":"#03030dc4-e541-a1c0-3be3-d3781283a5ff","tintindex":0},"east":{"uv":[2,1.25,3.5,2],"rotation":0,"texture":"#03030dc4-e541-a1c0-3be3-d3781283a5ff","tintindex":0},"north":{"uv":[4,6.25,5,7],"rotation":0,"texture":"#03030dc4-e541-a1c0-3be3-d3781283a5ff","tintindex":0},"south":{"uv":[5,6.25,6,7],"rotation":0,"texture":"#03030dc4-e541-a1c0-3be3-d3781283a5ff","tintindex":0},"up":{"uv":[3,6,4,4.5],"rotation":0,"texture":"#03030dc4-e541-a1c0-3be3-d3781283a5ff","tintindex":0},"west":{"uv":[5.25,2.75,6.75,3.5],"rotation":0,"texture":"#03030dc4-e541-a1c0-3be3-d3781283a5ff","tintindex":0}}},{"name":"cube","from":[5.6,5.3389673,6.9852457],"to":[10.4,8.338968,11.785246],"rotation":{"angle":0,"axis":"x","origin":[7.4,8,8]},"faces":{"down":{"uv":[0,4,2,2],"rotation":0,"texture":"#03030dc4-e541-a1c0-3be3-d3781283a5ff","tintindex":0},"east":{"uv":[2,0,4,1.25],"rotation":0,"texture":"#03030dc4-e541-a1c0-3be3-d3781283a5ff","tintindex":0},"north":{"uv":[2,2,4,3.25],"rotation":0,"texture":"#03030dc4-e541-a1c0-3be3-d3781283a5ff","tintindex":0},"south":{"uv":[2,3.25,4,4.5],"rotation":0,"texture":"#03030dc4-e541-a1c0-3be3-d3781283a5ff","tintindex":0},"up":{"uv":[0,2,2,0],"rotation":0,"texture":"#03030dc4-e541-a1c0-3be3-d3781283a5ff","tintindex":0},"west":{"uv":[0,4,2,5.25],"rotation":0,"texture":"#03030dc4-e541-a1c0-3be3-d3781283a5ff","tintindex":0}}},{"name":"cube","from":[6.5,8.338968,8.1852455],"to":[9.5,10.738968,11.1852455],"rotation":{"angle":0,"axis":"x","origin":[7.1,11,8]},"faces":{"down":{"uv":[5.25,0,6.5,1.25],"rotation":0,"texture":"#03030dc4-e541-a1c0-3be3-d3781283a5ff","tintindex":0},"east":{"uv":[4,5.25,5.25,6.25],"rotation":0,"texture":"#03030dc4-e541-a1c0-3be3-d3781283a5ff","tintindex":0},"north":{"uv":[4,2.75,5.25,3.75],"rotation":0,"texture":"#03030dc4-e541-a1c0-3be3-d3781283a5ff","tintindex":0},"south":{"uv":[5.25,5.25,6.5,6.25],"rotation":0,"texture":"#03030dc4-e541-a1c0-3be3-d3781283a5ff","tintindex":0},"up":{"uv":[4,5,5.25,6.25],"rotation":0,"texture":"#03030dc4-e541-a1c0-3be3-d3781283a5ff","tintindex":0},"west":{"uv":[5.25,0,6.5,1],"rotation":0,"texture":"#03030dc4-e541-a1c0-3be3-d3781283a5ff","tintindex":0}}},{"name":"cube","from":[7.4,10.738968,9.385246],"to":[8.6,12.538968,10.585245],"rotation":{"angle":0,"axis":"x","origin":[6.8,14,8]},"faces":{"down":{"uv":[6,7,6.5,7.5],"rotation":0,"texture":"#03030dc4-e541-a1c0-3be3-d3781283a5ff","tintindex":0},"east":{"uv":[0,6.75,0.5,7.5],"rotation":0,"texture":"#03030dc4-e541-a1c0-3be3-d3781283a5ff","tintindex":0},"north":{"uv":[3.5,1.25,4,2],"rotation":0,"texture":"#03030dc4-e541-a1c0-3be3-d3781283a5ff","tintindex":0},"south":{"uv":[0.5,6.75,1,7.5],"rotation":0,"texture":"#03030dc4-e541-a1c0-3be3-d3781283a5ff","tintindex":0},"up":{"uv":[6.75,3,7.25,3.5],"rotation":0,"texture":"#03030dc4-e541-a1c0-3be3-d3781283a5ff","tintindex":0},"west":{"uv":[1,6.75,1.5,7.5],"rotation":0,"texture":"#03030dc4-e541-a1c0-3be3-d3781283a5ff","tintindex":0}}}],"display":{"head":{"translation":[0,-6.4,0],"rotation":[0,0,0],"scale":[3.8095,3.8095,3.8095]},"gui":{"translation":[0,0,0],"rotation":[35,225,0],"scale":[0.625,0.625,0.625]}}}
