{
  "file_name": "bone4",
  "texture_size": [
    64,
    64
  ],
  "textures": {
    "03030dc4-e541-a1c0-3be3-d3781283a5ff": "modelengine:entity/hermit"
  },
  "elements": [
    {
      "name": "cube",
      "from": [
        5.0237765,
        3.7999997,
        6.084566
      ],
      "to": [
        6.8237767,
        5,
        9.6845665
      ],
      "rotation": {
        "angle": 22.5,
        "axis": "y",
        "origin": [
          5.6,
          3.7999997,
          5.75
        ]
      },
      "faces": {
        "down": {
          "uv": [
            2,
            6,
            2.75,
            7.5
          ],
          "rotation": 0,
          "texture": "#03030dc4-e541-a1c0-3be3-d3781283a5ff",
          "tintindex": 0
        },
        "east": {
          "uv": [
            6.5,
            0,
            8,
            0.5
          ],
          "rotation": 0,
          "texture": "#03030dc4-e541-a1c0-3be3-d3781283a5ff",
          "tintindex": 0
        },
        "north": {
          "uv": [
            6.75,
            1,
            7.5,
            1.5
          ],
          "rotation": 0,
          "texture": "#03030dc4-e541-a1c0-3be3-d3781283a5ff",
          "tintindex": 0
        },
        "south": {
          "uv": [
            6.75,
            1.5,
            7.5,
            2
          ],
          "rotation": 0,
          "texture": "#03030dc4-e541-a1c0-3be3-d3781283a5ff",
          "tintindex": 0
        },
        "up": {
          "uv": [
            2.75,
            5.75,
            3.5,
            7.25
          ],
          "rotation": 0,
          "texture": "#03030dc4-e541-a1c0-3be3-d3781283a5ff",
          "tintindex": 0
        },
        "west": {
          "uv": [
            6.5,
            0.5,
            8,
            1
          ],
          "rotation": 0,
          "texture": "#03030dc4-e541-a1c0-3be3-d3781283a5ff",
          "tintindex": 0
        }
      }
    },
    {
      "name": "cube",
      "from": [
        9.176224,
        3.7999997,
        5.9345665
      ],
      "to": [
        10.976223,
        5,
        9.534567
      ],
      "rotation": {
        "angle": -22.5,
        "axis": "y",
        "origin": [
          9.8,
          3.7999997,
          5.6
        ]
      },
      "faces": {
        "down": {
          "uv": [
            6.75,
            1,
            7.5,
            2.5
          ],
          "rotation": 0,
          "texture": "#03030dc4-e541-a1c0-3be3-d3781283a5ff",
          "tintindex": 0
        },
        "east": {
          "uv": [
            6.5,
            3.5,
            8,
            4
          ],
          "rotation": 0,
          "texture": "#03030dc4-e541-a1c0-3be3-d3781283a5ff",
          "tintindex": 0
        },
        "north": {
          "uv": [
            6.75,
            2,
            7.5,
            2.5
          ],
          "rotation": 0,
          "texture": "#03030dc4-e541-a1c0-3be3-d3781283a5ff",
          "tintindex": 0
        },
        "south": {
          "uv": [
            6.75,
            2.5,
            7.5,
            3
          ],
          "rotation": 0,
          "texture": "#03030dc4-e541-a1c0-3be3-d3781283a5ff",
          "tintindex": 0
        },
        "up": {
          "uv": [
            2.5,
            5.75,
            3.25,
            7.25
          ],
          "rotation": 0,
          "texture": "#03030dc4-e541-a1c0-3be3-d3781283a5ff",
          "tintindex": 0
        },
        "west": {
          "uv": [
            6.5,
            4,
            8,
            4.5
          ],
          "rotation": 0,
          "texture": "#03030dc4-e541-a1c0-3be3-d3781283a5ff",
          "tintindex": 0
        }
      }
    }
  ],
  "display": {
    "head": {
      "translation": [
        0,
        -6.4,
        0
      ],
      "rotation": [
        0,
        0,
        0
      ],
      "scale": [
        3.8095,
        3.8095,
        3.8095
      ]
    },
    "gui": {
      "translation": [
        0,
        0,
        0
      ],
      "rotation": [
        35,
        225,
        0
      ],
      "scale": [
        0.625,
        0.625,
        0.625
      ]
    }
  }
}
