{
  "file_name": "dirtdevil",
  "texture_size": [
    64,
    64
  ],
  "textures": {
    "d06328a3-3afe-e99e-5389-0169b864e3e0": "modelengine:entity/dirtdevil"
  },
  "elements": [
    {
      "name": "cube",
      "from": [
        8,
        8,
        1.3999997
      ],
      "to": [
        8,
        16.400002,
        14.6
      ],
      "rotation": {
        "angle": 22.5,
        "axis": "z",
        "origin": [
          8,
          8,
          8
        ]
      },
      "faces": {
        "down": {
          "uv": [
            0,
            0,
            0,
            5.5
          ],
          "rotation": 0,
          "texture": "#d06328a3-3afe-e99e-5389-0169b864e3e0",
          "tintindex": 0
        },
        "east": {
          "uv": [
            0,
            3.5,
            5.5,
            7
          ],
          "rotation": 0,
          "texture": "#d06328a3-3afe-e99e-5389-0169b864e3e0",
          "tintindex": 0
        },
        "north": {
          "uv": [
            0,
            0,
            0,
            3.5
          ],
          "rotation": 0,
          "texture": "#d06328a3-3afe-e99e-5389-0169b864e3e0",
          "tintindex": 0
        },
        "south": {
          "uv": [
            0,
            0,
            0,
            3.5
          ],
          "rotation": 0,
          "texture": "#d06328a3-3afe-e99e-5389-0169b864e3e0",
          "tintindex": 0
        },
        "up": {
          "uv": [
            0,
            5.5,
            0,
            0
          ],
          "rotation": 0,
          "texture": "#d06328a3-3afe-e99e-5389-0169b864e3e0",
          "tintindex": 0
        },
        "west": {
          "uv": [
            0,
            3.5,
            5.5,
            7
          ],
          "rotation": 0,
          "texture": "#d06328a3-3afe-e99e-5389-0169b864e3e0",
          "tintindex": 0
        }
      }
    },
    {
      "name": "cube",
      "from": [
        1.3999997,
        8,
        8
      ],
      "to": [
        14.6,
        16.400002,
        8
      ],
      "rotation": {
        "angle": -22.5,
        "axis": "x",
        "origin": [
          8,
          8,
          8
        ]
      },
      "faces": {
        "down": {
          "uv": [
            0,
            5.5,
            0,
            0
          ],
          "rotation": 270,
          "texture": "#d06328a3-3afe-e99e-5389-0169b864e3e0",
          "tintindex": 0
        },
        "east": {
          "uv": [
            0,
            0,
            0,
            3.5
          ],
          "rotation": 0,
          "texture": "#d06328a3-3afe-e99e-5389-0169b864e3e0",
          "tintindex": 0
        },
        "north": {
          "uv": [
            5.5,
            3.5,
            0,
            7
          ],
          "rotation": 0,
          "texture": "#d06328a3-3afe-e99e-5389-0169b864e3e0",
          "tintindex": 0
        },
        "south": {
          "uv": [
            5.5,
            3.5,
            0,
            7
          ],
          "rotation": 0,
          "texture": "#d06328a3-3afe-e99e-5389-0169b864e3e0",
          "tintindex": 0
        },
        "up": {
          "uv": [
            0,
            0,
            0,
            5.5
          ],
          "rotation": 90,
          "texture": "#d06328a3-3afe-e99e-5389-0169b864e3e0",
          "tintindex": 0
        },
        "west": {
          "uv": [
            0,
            0,
            0,
            3.5
          ],
          "rotation": 0,
          "texture": "#d06328a3-3afe-e99e-5389-0169b864e3e0",
          "tintindex": 0
        }
      }
    },
    {
      "name": "cube",
      "from": [
        8,
        8,
        1.3999997
      ],
      "to": [
        8,
        16.400002,
        14.6
      ],
      "rotation": {
        "angle": -22.5,
        "axis": "z",
        "origin": [
          8,
          8,
          8
        ]
      },
      "faces": {
        "down": {
          "uv": [
            0,
            5.5,
            0,
            0
          ],
          "rotation": 0,
          "texture": "#d06328a3-3afe-e99e-5389-0169b864e3e0",
          "tintindex": 0
        },
        "east": {
          "uv": [
            0,
            3.5,
            5.5,
            7
          ],
          "rotation": 0,
          "texture": "#d06328a3-3afe-e99e-5389-0169b864e3e0",
          "tintindex": 0
        },
        "north": {
          "uv": [
            0,
            0,
            0,
            3.5
          ],
          "rotation": 0,
          "texture": "#d06328a3-3afe-e99e-5389-0169b864e3e0",
          "tintindex": 0
        },
        "south": {
          "uv": [
            0,
            0,
            0,
            3.5
          ],
          "rotation": 0,
          "texture": "#d06328a3-3afe-e99e-5389-0169b864e3e0",
          "tintindex": 0
        },
        "up": {
          "uv": [
            0,
            0,
            0,
            5.5
          ],
          "rotation": 0,
          "texture": "#d06328a3-3afe-e99e-5389-0169b864e3e0",
          "tintindex": 0
        },
        "west": {
          "uv": [
            0,
            3.5,
            5.5,
            7
          ],
          "rotation": 0,
          "texture": "#d06328a3-3afe-e99e-5389-0169b864e3e0",
          "tintindex": 0
        }
      }
    },
    {
      "name": "cube",
      "from": [
        1.3999997,
        8,
        8
      ],
      "to": [
        14.6,
        16.400002,
        8
      ],
      "rotation": {
        "angle": 22.5,
        "axis": "x",
        "origin": [
          8,
          8,
          8
        ]
      },
      "faces": {
        "down": {
          "uv": [
            0,
            0,
            0,
            5.5
          ],
          "rotation": 270,
          "texture": "#d06328a3-3afe-e99e-5389-0169b864e3e0",
          "tintindex": 0
        },
        "east": {
          "uv": [
            0,
            0,
            0,
            3.5
          ],
          "rotation": 0,
          "texture": "#d06328a3-3afe-e99e-5389-0169b864e3e0",
          "tintindex": 0
        },
        "north": {
          "uv": [
            5.5,
            3.5,
            0,
            7
          ],
          "rotation": 0,
          "texture": "#d06328a3-3afe-e99e-5389-0169b864e3e0",
          "tintindex": 0
        },
        "south": {
          "uv": [
            5.5,
            3.5,
            0,
            7
          ],
          "rotation": 0,
          "texture": "#d06328a3-3afe-e99e-5389-0169b864e3e0",
          "tintindex": 0
        },
        "up": {
          "uv": [
            0,
            5.5,
            0,
            0
          ],
          "rotation": 90,
          "texture": "#d06328a3-3afe-e99e-5389-0169b864e3e0",
          "tintindex": 0
        },
        "west": {
          "uv": [
            0,
            0,
            0,
            3.5
          ],
          "rotation": 0,
          "texture": "#d06328a3-3afe-e99e-5389-0169b864e3e0",
          "tintindex": 0
        }
      }
    }
  ],
  "display": {
    "head": {
      "translation": [
        0,
        -6.4,
        0
      ],
      "rotation": [
        0,
        0,
        0
      ],
      "scale": [
        3.8095,
        3.8095,
        3.8095
      ]
    },
    "gui": {
      "translation": [
        0,
        0,
        0
      ],
      "rotation": [
        35,
        225,
        0
      ],
      "scale": [
        0.625,
        0.625,
        0.625
      ]
    }
  }
}
