{"file_name":"hat_top","texture_size":[64,64],"textures":{"53eced06-c6a7-0e2b-0cfd-3cbe91761196":"modelengine:entity/brownaliveshroom"},"elements":[{"name":"hat_top","from":[4.0686646,8.003366,7.739848],"to":[10.668665,8.603367,14.3398485],"rotation":{"angle":22.5,"axis":"x","origin":[8,9.950001,8.75]},"faces":{"down":{"uv":[11.25,3.5,9.5,5.25],"rotation":0,"texture":"#53eced06-c6a7-0e2b-0cfd-3cbe91761196","tintindex":0},"east":{"uv":[6,5.25,7.75,5.5],"rotation":0,"texture":"#53eced06-c6a7-0e2b-0cfd-3cbe91761196","tintindex":0},"north":{"uv":[7.75,5.25,9.5,5.5],"rotation":0,"texture":"#53eced06-c6a7-0e2b-0cfd-3cbe91761196","tintindex":0},"south":{"uv":[11.25,5.25,13,5.5],"rotation":0,"texture":"#53eced06-c6a7-0e2b-0cfd-3cbe91761196","tintindex":0},"up":{"uv":[9.5,5.25,7.75,3.5],"rotation":0,"texture":"#53eced06-c6a7-0e2b-0cfd-3cbe91761196","tintindex":0},"west":{"uv":[9.5,5.25,11.25,5.5],"rotation":0,"texture":"#53eced06-c6a7-0e2b-0cfd-3cbe91761196","tintindex":0}}}],"display":{"head":{"translation":[0,-6.4,0],"rotation":[0,0,0],"scale":[3.8095,3.8095,3.8095]},"gui":{"translation":[0,0,0],"rotation":[35,225,0],"scale":[0.625,0.625,0.625]}}}
