{"file_name":"hat_bottom","texture_size":[64,64],"textures":{"53eced06-c6a7-0e2b-0cfd-3cbe91761196":"modelengine:entity/brownaliveshroom"},"elements":[{"name":"hat_bottom","from":[7.711766,9.015734,4.5036654],"to":[14.911766,10.2157345,11.703666],"rotation":{"angle":22.5,"axis":"x","origin":[10.700001,8.75,4.5499997]},"faces":{"down":{"uv":[9,0,6,3],"rotation":0,"texture":"#53eced06-c6a7-0e2b-0cfd-3cbe91761196","tintindex":0},"east":{"uv":[0,3,3,3.5],"rotation":0,"texture":"#53eced06-c6a7-0e2b-0cfd-3cbe91761196","tintindex":0},"north":{"uv":[3,3,6,3.5],"rotation":0,"texture":"#53eced06-c6a7-0e2b-0cfd-3cbe91761196","tintindex":0},"south":{"uv":[9,3,12,3.5],"rotation":0,"texture":"#53eced06-c6a7-0e2b-0cfd-3cbe91761196","tintindex":0},"up":{"uv":[6,3,3,0],"rotation":0,"texture":"#53eced06-c6a7-0e2b-0cfd-3cbe91761196","tintindex":0},"west":{"uv":[6,3,9,3.5],"rotation":0,"texture":"#53eced06-c6a7-0e2b-0cfd-3cbe91761196","tintindex":0}}},{"name":"hat_corner1","from":[8.315691,9.212589,4.4367237],"to":[14.31569,10.112589,5.036724],"rotation":{"angle":22.5,"axis":"x","origin":[11.3,9.35,4.5499997]},"faces":{"down":{"uv":[14.25,1,11.75,1.25],"rotation":0,"texture":"#53eced06-c6a7-0e2b-0cfd-3cbe91761196","tintindex":0},"east":{"uv":[9,1.25,9.25,1.5],"rotation":0,"texture":"#53eced06-c6a7-0e2b-0cfd-3cbe91761196","tintindex":0},"north":{"uv":[9.25,1.25,11.75,1.5],"rotation":0,"texture":"#53eced06-c6a7-0e2b-0cfd-3cbe91761196","tintindex":0},"south":{"uv":[12,1.25,14.5,1.5],"rotation":0,"texture":"#53eced06-c6a7-0e2b-0cfd-3cbe91761196","tintindex":0},"up":{"uv":[11.75,1.25,9.25,1],"rotation":0,"texture":"#53eced06-c6a7-0e2b-0cfd-3cbe91761196","tintindex":0},"west":{"uv":[11.75,1.25,12,1.5],"rotation":0,"texture":"#53eced06-c6a7-0e2b-0cfd-3cbe91761196","tintindex":0}}},{"name":"hat_corner2","from":[8.313734,6.287318,11.004726],"to":[14.313734,7.1873183,11.604727],"rotation":{"angle":22.5,"axis":"x","origin":[11.3,6.35,11.6]},"faces":{"down":{"uv":[13.25,5.5,10.75,5.75],"rotation":0,"texture":"#53eced06-c6a7-0e2b-0cfd-3cbe91761196","tintindex":0},"east":{"uv":[8,5.75,8.25,6],"rotation":0,"texture":"#53eced06-c6a7-0e2b-0cfd-3cbe91761196","tintindex":0},"north":{"uv":[8.25,5.75,10.75,6],"rotation":0,"texture":"#53eced06-c6a7-0e2b-0cfd-3cbe91761196","tintindex":0},"south":{"uv":[11,5.75,13.5,6],"rotation":0,"texture":"#53eced06-c6a7-0e2b-0cfd-3cbe91761196","tintindex":0},"up":{"uv":[10.75,5.75,8.25,5.5],"rotation":0,"texture":"#53eced06-c6a7-0e2b-0cfd-3cbe91761196","tintindex":0},"west":{"uv":[10.75,5.75,11,6],"rotation":0,"texture":"#53eced06-c6a7-0e2b-0cfd-3cbe91761196","tintindex":0}}},{"name":"hat_corner4","from":[7.411766,8.910734,5.253666],"to":[8.0117655,9.810735,11.253665],"rotation":{"angle":22.5,"axis":"x","origin":[11.45,9.35,5.3]},"faces":{"down":{"uv":[12,0,11.75,2.5],"rotation":0,"texture":"#53eced06-c6a7-0e2b-0cfd-3cbe91761196","tintindex":0},"east":{"uv":[9,2.5,11.5,2.75],"rotation":0,"texture":"#53eced06-c6a7-0e2b-0cfd-3cbe91761196","tintindex":0},"north":{"uv":[11.5,2.5,11.75,2.75],"rotation":0,"texture":"#53eced06-c6a7-0e2b-0cfd-3cbe91761196","tintindex":0},"south":{"uv":[14.25,2.5,14.5,2.75],"rotation":0,"texture":"#53eced06-c6a7-0e2b-0cfd-3cbe91761196","tintindex":0},"up":{"uv":[11.75,2.5,11.5,0],"rotation":0,"texture":"#53eced06-c6a7-0e2b-0cfd-3cbe91761196","tintindex":0},"west":{"uv":[11.75,2.5,14.25,2.75],"rotation":0,"texture":"#53eced06-c6a7-0e2b-0cfd-3cbe91761196","tintindex":0}}},{"name":"hat_corner5","from":[14.611766,8.910734,5.253666],"to":[15.211766,9.810735,11.253665],"rotation":{"angle":22.5,"axis":"x","origin":[15.950001,9.35,5.3]},"faces":{"down":{"uv":[12,0,11.75,2.5],"rotation":0,"texture":"#53eced06-c6a7-0e2b-0cfd-3cbe91761196","tintindex":0},"east":{"uv":[9,2.5,11.5,2.75],"rotation":0,"texture":"#53eced06-c6a7-0e2b-0cfd-3cbe91761196","tintindex":0},"north":{"uv":[11.5,2.5,11.75,2.75],"rotation":0,"texture":"#53eced06-c6a7-0e2b-0cfd-3cbe91761196","tintindex":0},"south":{"uv":[14.25,2.5,14.5,2.75],"rotation":0,"texture":"#53eced06-c6a7-0e2b-0cfd-3cbe91761196","tintindex":0},"up":{"uv":[11.75,2.5,11.5,0],"rotation":0,"texture":"#53eced06-c6a7-0e2b-0cfd-3cbe91761196","tintindex":0},"west":{"uv":[11.75,2.5,14.25,2.75],"rotation":0,"texture":"#53eced06-c6a7-0e2b-0cfd-3cbe91761196","tintindex":0}}}],"display":{"head":{"translation":[0,-6.4,0],"rotation":[0,0,0],"scale":[3.8095,3.8095,3.8095]},"gui":{"translation":[0,0,0],"rotation":[35,225,0],"scale":[0.625,0.625,0.625]}}}
